Scenario Name,Policy,Placement,Group Size,Collective Count,Payload Blocks,Buffer Limit,Seed,Collective,Members,Max Load Factor,Recommended Lossless Rate,Combined Max Load Factor,Combined Recommended Uniform Rate,Bottleneck Links,Root Spine,Estimated Spine Blocks,Applied Host Offsets
smoke__no-recovery-max-rate__rack-compact__g4__c1__p100__b16__s1,no-recovery-max-rate,rack-compact,4,1,100,16,1,red,4,3,3,3,3,RS_0_0.p3<->H_0_1.pU|RS_0_1.p2<->H_0_2.pU|RS_0_1.p3<->H_0_3.pU|RS_0_0.p2<->H_0_0.pU,SS0,30,
smoke__no-recovery-max-rate__rack-compact__g4__c1__p100__b16__s1,no-recovery-max-rate,rack-compact,4,1,100,16,1,green,0,0,0,3,3,,,,
smoke__no-recovery-max-rate__rack-compact__g4__c1__p100__b16__s1,no-recovery-max-rate,rack-compact,4,1,100,16,1,blue,0,0,0,3,3,,,,
smoke__no-recovery-max-rate__rack-compact__g4__c1__p100__b16__s1,no-recovery-max-rate,rack-compact,4,1,100,16,1,orange,0,0,0,3,3,,,,
smoke__smart-recovery-max-rate__rack-compact__g4__c1__p100__b16__s1,smart-recovery-max-rate,rack-compact,4,1,100,16,1,red,4,3,3,3,3,RS_0_0.p3<->H_0_1.pU|RS_0_1.p2<->H_0_2.pU|RS_0_1.p3<->H_0_3.pU|RS_0_0.p2<->H_0_0.pU,SS0,30,
smoke__smart-recovery-max-rate__rack-compact__g4__c1__p100__b16__s1,smart-recovery-max-rate,rack-compact,4,1,100,16,1,green,0,0,0,3,3,,,,
smoke__smart-recovery-max-rate__rack-compact__g4__c1__p100__b16__s1,smart-recovery-max-rate,rack-compact,4,1,100,16,1,blue,0,0,0,3,3,,,,
smoke__smart-recovery-max-rate__rack-compact__g4__c1__p100__b16__s1,smart-recovery-max-rate,rack-compact,4,1,100,16,1,orange,0,0,0,3,3,,,,
smoke__static-lossless-rate__rack-compact__g4__c1__p100__b16__s1,static-lossless-rate,rack-compact,4,1,100,16,1,red,4,3,3,3,3,RS_0_0.p3<->H_0_1.pU|RS_0_1.p2<->H_0_2.pU|RS_0_1.p3<->H_0_3.pU|RS_0_0.p2<->H_0_0.pU,SS0,9,
smoke__static-lossless-rate__rack-compact__g4__c1__p100__b16__s1,static-lossless-rate,rack-compact,4,1,100,16,1,green,0,0,0,3,3,,,,
smoke__static-lossless-rate__rack-compact__g4__c1__p100__b16__s1,static-lossless-rate,rack-compact,4,1,100,16,1,blue,0,0,0,3,3,,,,
smoke__static-lossless-rate__rack-compact__g4__c1__p100__b16__s1,static-lossless-rate,rack-compact,4,1,100,16,1,orange,0,0,0,3,3,,,,
smoke__intermediate-rate__rack-compact__g4__c1__p100__b16__s1,intermediate-rate,rack-compact,4,1,100,16,1,red,4,3,3,3,3,RS_0_0.p3<->H_0_1.pU|RS_0_1.p2<->H_0_2.pU|RS_0_1.p3<->H_0_3.pU|RS_0_0.p2<->H_0_0.pU,SS0,21,
smoke__intermediate-rate__rack-compact__g4__c1__p100__b16__s1,intermediate-rate,rack-compact,4,1,100,16,1,green,0,0,0,3,3,,,,
smoke__intermediate-rate__rack-compact__g4__c1__p100__b16__s1,intermediate-rate,rack-compact,4,1,100,16,1,blue,0,0,0,3,3,,,,
smoke__intermediate-rate__rack-compact__g4__c1__p100__b16__s1,intermediate-rate,rack-compact,4,1,100,16,1,orange,0,0,0,3,3,,,,
smoke__member-formula-rate__rack-compact__g4__c1__p100__b16__s1,member-formula-rate,rack-compact,4,1,100,16,1,red,4,3,3,3,3,RS_0_0.p3<->H_0_1.pU|RS_0_1.p2<->H_0_2.pU|RS_0_1.p3<->H_0_3.pU|RS_0_0.p2<->H_0_0.pU,SS0,9,
smoke__member-formula-rate__rack-compact__g4__c1__p100__b16__s1,member-formula-rate,rack-compact,4,1,100,16,1,green,0,0,0,3,3,,,,
smoke__member-formula-rate__rack-compact__g4__c1__p100__b16__s1,member-formula-rate,rack-compact,4,1,100,16,1,blue,0,0,0,3,3,,,,
smoke__member-formula-rate__rack-compact__g4__c1__p100__b16__s1,member-formula-rate,rack-compact,4,1,100,16,1,orange,0,0,0,3,3,,,,
smoke__sequential-smart-recovery__rack-compact__g4__c1__p100__b16__s1,sequential-smart-recovery,rack-compact,4,1,100,16,1,red,4,3,3,3,3,RS_0_0.p3<->H_0_1.pU|RS_0_1.p2<->H_0_2.pU|RS_0_1.p3<->H_0_3.pU|RS_0_0.p2<->H_0_0.pU,SS0,30,
smoke__sequential-smart-recovery__rack-compact__g4__c1__p100__b16__s1,sequential-smart-recovery,rack-compact,4,1,100,16,1,green,0,0,0,3,3,,,,
smoke__sequential-smart-recovery__rack-compact__g4__c1__p100__b16__s1,sequential-smart-recovery,rack-compact,4,1,100,16,1,blue,0,0,0,3,3,,,,
smoke__sequential-smart-recovery__rack-compact__g4__c1__p100__b16__s1,sequential-smart-recovery,rack-compact,4,1,100,16,1,orange,0,0,0,3,3,,,,
smoke__phase-offset-smart-recovery__rack-compact__g4__c1__p100__b16__s1,phase-offset-smart-recovery,rack-compact,4,1,100,16,1,red,4,3,3,3,3,RS_0_0.p3<->H_0_1.pU|RS_0_1.p2<->H_0_2.pU|RS_0_1.p3<->H_0_3.pU|RS_0_0.p2<->H_0_0.pU,SS0,30,H_0_1:1|H_0_2:2
smoke__phase-offset-smart-recovery__rack-compact__g4__c1__p100__b16__s1,phase-offset-smart-recovery,rack-compact,4,1,100,16,1,green,0,0,0,3,3,,,,H_0_1:1|H_0_2:2
smoke__phase-offset-smart-recovery__rack-compact__g4__c1__p100__b16__s1,phase-offset-smart-recovery,rack-compact,4,1,100,16,1,blue,0,0,0,3,3,,,,H_0_1:1|H_0_2:2
smoke__phase-offset-smart-recovery__rack-compact__g4__c1__p100__b16__s1,phase-offset-smart-recovery,rack-compact,4,1,100,16,1,orange,0,0,0,3,3,,,,H_0_1:1|H_0_2:2
smoke__no-recovery-max-rate__rack-compact__g4__c2__p100__b16__s1,no-recovery-max-rate,rack-compact,4,2,100,16,1,red,4,3,3,3,3,RS_0_0.p3<->H_0_1.pU|RS_0_1.p2<->H_0_2.pU|RS_0_1.p3<->H_0_3.pU|RS_0_0.p2<->H_0_0.pU,SS0,30,
smoke__no-recovery-max-rate__rack-compact__g4__c2__p100__b16__s1,no-recovery-max-rate,rack-compact,4,2,100,16,1,green,4,3,3,3,3,RS_1_0.p3<->H_1_1.pU|RS_1_1.p2<->H_1_2.pU|RS_1_1.p3<->H_1_3.pU|RS_1_0.p2<->H_1_0.pU,SS1,30,
smoke__no-recovery-max-rate__rack-compact__g4__c2__p100__b16__s1,no-recovery-max-rate,rack-compact,4,2,100,16,1,blue,0,0,0,3,3,,,,
smoke__no-recovery-max-rate__rack-compact__g4__c2__p100__b16__s1,no-recovery-max-rate,rack-compact,4,2,100,16,1,orange,0,0,0,3,3,,,,
smoke__smart-recovery-max-rate__rack-compact__g4__c2__p100__b16__s1,smart-recovery-max-rate,rack-compact,4,2,100,16,1,red,4,3,3,3,3,RS_0_0.p3<->H_0_1.pU|RS_0_1.p2<->H_0_2.pU|RS_0_1.p3<->H_0_3.pU|RS_0_0.p2<->H_0_0.pU,SS0,30,
smoke__smart-recovery-max-rate__rack-compact__g4__c2__p100__b16__s1,smart-recovery-max-rate,rack-compact,4,2,100,16,1,green,4,3,3,3,3,RS_1_0.p3<->H_1_1.pU|RS_1_1.p2<->H_1_2.pU|RS_1_1.p3<->H_1_3.pU|RS_1_0.p2<->H_1_0.pU,SS1,30,
smoke__smart-recovery-max-rate__rack-compact__g4__c2__p100__b16__s1,smart-recovery-max-rate,rack-compact,4,2,100,16,1,blue,0,0,0,3,3,,,,
smoke__smart-recovery-max-rate__rack-compact__g4__c2__p100__b16__s1,smart-recovery-max-rate,rack-compact,4,2,100,16,1,orange,0,0,0,3,3,,,,
smoke__static-lossless-rate__rack-compact__g4__c2__p100__b16__s1,static-lossless-rate,rack-compact,4,2,100,16,1,red,4,3,3,3,3,RS_0_0.p3<->H_0_1.pU|RS_0_1.p2<->H_0_2.pU|RS_0_1.p3<->H_0_3.pU|RS_0_0.p2<->H_0_0.pU,SS0,9,
smoke__static-lossless-rate__rack-compact__g4__c2__p100__b16__s1,static-lossless-rate,rack-compact,4,2,100,16,1,green,4,3,3,3,3,RS_1_0.p3<->H_1_1.pU|RS_1_1.p2<->H_1_2.pU|RS_1_1.p3<->H_1_3.pU|RS_1_0.p2<->H_1_0.pU,SS1,9,
smoke__static-lossless-rate__rack-compact__g4__c2__p100__b16__s1,static-lossless-rate,rack-compact,4,2,100,16,1,blue,0,0,0,3,3,,,,
smoke__static-lossless-rate__rack-compact__g4__c2__p100__b16__s1,static-lossless-rate,rack-compact,4,2,100,16,1,orange,0,0,0,3,3,,,,
smoke__intermediate-rate__rack-compact__g4__c2__p100__b16__s1,intermediate-rate,rack-compact,4,2,100,16,1,red,4,3,3,3,3,RS_0_0.p3<->H_0_1.pU|RS_0_1.p2<->H_0_2.pU|RS_0_1.p3<->H_0_3.pU|RS_0_0.p2<->H_0_0.pU,SS0,21,
smoke__intermediate-rate__rack-compact__g4__c2__p100__b16__s1,intermediate-rate,rack-compact,4,2,100,16,1,green,4,3,3,3,3,RS_1_0.p3<->H_1_1.pU|RS_1_1.p2<->H_1_2.pU|RS_1_1.p3<->H_1_3.pU|RS_1_0.p2<->H_1_0.pU,SS1,21,
smoke__intermediate-rate__rack-compact__g4__c2__p100__b16__s1,intermediate-rate,rack-compact,4,2,100,16,1,blue,0,0,0,3,3,,,,
smoke__intermediate-rate__rack-compact__g4__c2__p100__b16__s1,intermediate-rate,rack-compact,4,2,100,16,1,orange,0,0,0,3,3,,,,
smoke__member-formula-rate__rack-compact__g4__c2__p100__b16__s1,member-formula-rate,rack-compact,4,2,100,16,1,red,4,3,3,3,3,RS_0_0.p3<->H_0_1.pU|RS_0_1.p2<->H_0_2.pU|RS_0_1.p3<->H_0_3.pU|RS_0_0.p2<->H_0_0.pU,SS0,9,
smoke__member-formula-rate__rack-compact__g4__c2__p100__b16__s1,member-formula-rate,rack-compact,4,2,100,16,1,green,4,3,3,3,3,RS_1_0.p3<->H_1_1.pU|RS_1_1.p2<->H_1_2.pU|RS_1_1.p3<->H_1_3.pU|RS_1_0.p2<->H_1_0.pU,SS1,9,
smoke__member-formula-rate__rack-compact__g4__c2__p100__b16__s1,member-formula-rate,rack-compact,4,2,100,16,1,blue,0,0,0,3,3,,,,
smoke__member-formula-rate__rack-compact__g4__c2__p100__b16__s1,member-formula-rate,rack-compact,4,2,100,16,1,orange,0,0,0,3,3,,,,
smoke__sequential-smart-recovery__rack-compact__g4__c2__p100__b16__s1,sequential-smart-recovery,rack-compact,4,2,100,16,1,red,4,3,3,3,3,RS_0_0.p3<->H_0_1.pU|RS_0_1.p2<->H_0_2.pU|RS_0_1.p3<->H_0_3.pU|RS_0_0.p2<->H_0_0.pU,SS0,30,
smoke__sequential-smart-recovery__rack-compact__g4__c2__p100__b16__s1,sequential-smart-recovery,rack-compact,4,2,100,16,1,green,4,3,3,3,3,RS_1_0.p3<->H_1_1.pU|RS_1_1.p2<->H_1_2.pU|RS_1_1.p3<->H_1_3.pU|RS_1_0.p2<->H_1_0.pU,SS1,30,
smoke__sequential-smart-recovery__rack-compact__g4__c2__p100__b16__s1,sequential-smart-recovery,rack-compact,4,2,100,16,1,blue,0,0,0,3,3,,,,
smoke__sequential-smart-recovery__rack-compact__g4__c2__p100__b16__s1,sequential-smart-recovery,rack-compact,4,2,100,16,1,orange,0,0,0,3,3,,,,
smoke__phase-offset-smart-recovery__rack-compact__g4__c2__p100__b16__s1,phase-offset-smart-recovery,rack-compact,4,2,100,16,1,red,4,3,3,3,3,RS_0_0.p3<->H_0_1.pU|RS_0_1.p2<->H_0_2.pU|RS_0_1.p3<->H_0_3.pU|RS_0_0.p2<->H_0_0.pU,SS0,30,H_0_1:1|H_0_2:2|H_1_0:1|H_1_1:2|H_1_2:3|H_1_3:1
smoke__phase-offset-smart-recovery__rack-compact__g4__c2__p100__b16__s1,phase-offset-smart-recovery,rack-compact,4,2,100,16,1,green,4,3,3,3,3,RS_1_0.p3<->H_1_1.pU|RS_1_1.p2<->H_1_2.pU|RS_1_1.p3<->H_1_3.pU|RS_1_0.p2<->H_1_0.pU,SS1,30,H_0_1:1|H_0_2:2|H_1_0:1|H_1_1:2|H_1_2:3|H_1_3:1
smoke__phase-offset-smart-recovery__rack-compact__g4__c2__p100__b16__s1,phase-offset-smart-recovery,rack-compact,4,2,100,16,1,blue,0,0,0,3,3,,,,H_0_1:1|H_0_2:2|H_1_0:1|H_1_1:2|H_1_2:3|H_1_3:1
smoke__phase-offset-smart-recovery__rack-compact__g4__c2__p100__b16__s1,phase-offset-smart-recovery,rack-compact,4,2,100,16,1,orange,0,0,0,3,3,,,,H_0_1:1|H_0_2:2|H_1_0:1|H_1_1:2|H_1_2:3|H_1_3:1
smoke__no-recovery-max-rate__rack-compact__g8__c1__p100__b16__s1,no-recovery-max-rate,rack-compact,8,1,100,16,1,red,8,7,1,7,1,RS_0_0.p3<->H_0_1.pU|RS_0_1.p2<->H_0_2.pU|RS_0_1.p3<->H_0_3.pU|RS_1_0.p2<->H_1_0.pU|RS_1_0.p3<->H_1_1.pU|RS_1_1.p2<->H_1_2.pU|RS_1_1.p3<->H_1_3.pU|RS_0_0.p2<->H_0_0.pU,SS0,70,
smoke__no-recovery-max-rate__rack-compact__g8__c1__p100__b16__s1,no-recovery-max-rate,rack-compact,8,1,100,16,1,green,0,0,0,7,1,,,,
smoke__no-recovery-max-rate__rack-compact__g8__c1__p100__b16__s1,no-recovery-max-rate,rack-compact,8,1,100,16,1,blue,0,0,0,7,1,,,,
smoke__no-recovery-max-rate__rack-compact__g8__c1__p100__b16__s1,no-recovery-max-rate,rack-compact,8,1,100,16,1,orange,0,0,0,7,1,,,,
smoke__smart-recovery-max-rate__rack-compact__g8__c1__p100__b16__s1,smart-recovery-max-rate,rack-compact,8,1,100,16,1,red,8,7,1,7,1,RS_0_0.p3<->H_0_1.pU|RS_0_1.p2<->H_0_2.pU|RS_0_1.p3<->H_0_3.pU|RS_1_0.p2<->H_1_0.pU|RS_1_0.p3<->H_1_1.pU|RS_1_1.p2<->H_1_2.pU|RS_1_1.p3<->H_1_3.pU|RS_0_0.p2<->H_0_0.pU,SS0,70,
smoke__smart-recovery-max-rate__rack-compact__g8__c1__p100__b16__s1,smart-recovery-max-rate,rack-compact,8,1,100,16,1,green,0,0,0,7,1,,,,
smoke__smart-recovery-max-rate__rack-compact__g8__c1__p100__b16__s1,smart-recovery-max-rate,rack-compact,8,1,100,16,1,blue,0,0,0,7,1,,,,
smoke__smart-recovery-max-rate__rack-compact__g8__c1__p100__b16__s1,smart-recovery-max-rate,rack-compact,8,1,100,16,1,orange,0,0,0,7,1,,,,
smoke__static-lossless-rate__rack-compact__g8__c1__p100__b16__s1,static-lossless-rate,rack-compact,8,1,100,16,1,red,8,7,1,7,1,RS_0_0.p3<->H_0_1.pU|RS_0_1.p2<->H_0_2.pU|RS_0_1.p3<->H_0_3.pU|RS_1_0.p2<->H_1_0.pU|RS_1_0.p3<->H_1_1.pU|RS_1_1.p2<->H_1_2.pU|RS_1_1.p3<->H_1_3.pU|RS_0_0.p2<->H_0_0.pU,SS0,7,
smoke__static-lossless-rate__rack-compact__g8__c1__p100__b16__s1,static-lossless-rate,rack-compact,8,1,100,16,1,green,0,0,0,7,1,,,,
smoke__static-lossless-rate__rack-compact__g8__c1__p100__b16__s1,static-lossless-rate,rack-compact,8,1,100,16,1,blue,0,0,0,7,1,,,,
smoke__static-lossless-rate__rack-compact__g8__c1__p100__b16__s1,static-lossless-rate,rack-compact,8,1,100,16,1,orange,0,0,0,7,1,,,,
smoke__intermediate-rate__rack-compact__g8__c1__p100__b16__s1,intermediate-rate,rack-compact,8,1,100,16,1,red,8,7,1,7,1,RS_0_0.p3<->H_0_1.pU|RS_0_1.p2<->H_0_2.pU|RS_0_1.p3<->H_0_3.pU|RS_1_0.p2<->H_1_0.pU|RS_1_0.p3<->H_1_1.pU|RS_1_1.p2<->H_1_2.pU|RS_1_1.p3<->H_1_3.pU|RS_0_0.p2<->H_0_0.pU,SS0,42,
smoke__intermediate-rate__rack-compact__g8__c1__p100__b16__s1,intermediate-rate,rack-compact,8,1,100,16,1,green,0,0,0,7,1,,,,
smoke__intermediate-rate__rack-compact__g8__c1__p100__b16__s1,intermediate-rate,rack-compact,8,1,100,16,1,blue,0,0,0,7,1,,,,
smoke__intermediate-rate__rack-compact__g8__c1__p100__b16__s1,intermediate-rate,rack-compact,8,1,100,16,1,orange,0,0,0,7,1,,,,
smoke__member-formula-rate__rack-compact__g8__c1__p100__b16__s1,member-formula-rate,rack-compact,8,1,100,16,1,red,8,7,1,7,1,RS_0_0.p3<->H_0_1.pU|RS_0_1.p2<->H_0_2.pU|RS_0_1.p3<->H_0_3.pU|RS_1_0.p2<->H_1_0.pU|RS_1_0.p3<->H_1_1.pU|RS_1_1.p2<->H_1_2.pU|RS_1_1.p3<->H_1_3.pU|RS_0_0.p2<->H_0_0.pU,SS0,7,
smoke__member-formula-rate__rack-compact__g8__c1__p100__b16__s1,member-formula-rate,rack-compact,8,1,100,16,1,green,0,0,0,7,1,,,,
smoke__member-formula-rate__rack-compact__g8__c1__p100__b16__s1,member-formula-rate,rack-compact,8,1,100,16,1,blue,0,0,0,7,1,,,,
smoke__member-formula-rate__rack-compact__g8__c1__p100__b16__s1,member-formula-rate,rack-compact,8,1,100,16,1,orange,0,0,0,7,1,,,,
smoke__sequential-smart-recovery__rack-compact__g8__c1__p100__b16__s1,sequential-smart-recovery,rack-compact,8,1,100,16,1,red,8,7,1,7,1,RS_0_0.p3<->H_0_1.pU|RS_0_1.p2<->H_0_2.pU|RS_0_1.p3<->H_0_3.pU|RS_1_0.p2<->H_1_0.pU|RS_1_0.p3<->H_1_1.pU|RS_1_1.p2<->H_1_2.pU|RS_1_1.p3<->H_1_3.pU|RS_0_0.p2<->H_0_0.pU,SS0,70,
smoke__sequential-smart-recovery__rack-compact__g8__c1__p100__b16__s1,sequential-smart-recovery,rack-compact,8,1,100,16,1,green,0,0,0,7,1,,,,
smoke__sequential-smart-recovery__rack-compact__g8__c1__p100__b16__s1,sequential-smart-recovery,rack-compact,8,1,100,16,1,blue,0,0,0,7,1,,,,
smoke__sequential-smart-recovery__rack-compact__g8__c1__p100__b16__s1,sequential-smart-recovery,rack-compact,8,1,100,16,1,orange,0,0,0,7,1,,,,
smoke__phase-offset-smart-recovery__rack-compact__g8__c1__p100__b16__s1,phase-offset-smart-recovery,rack-compact,8,1,100,16,1,red,8,7,1,7,1,RS_0_0.p3<->H_0_1.pU|RS_0_1.p2<->H_0_2.pU|RS_0_1.p3<->H_0_3.pU|RS_1_0.p2<->H_1_0.pU|RS_1_0.p3<->H_1_1.pU|RS_1_1.p2<->H_1_2.pU|RS_1_1.p3<->H_1_3.pU|RS_0_0.p2<->H_0_0.pU,SS0,70,H_0_1:1|H_0_2:2|H_1_0:1|H_1_1:2|H_1_3:1
smoke__phase-offset-smart-recovery__rack-compact__g8__c1__p100__b16__s1,phase-offset-smart-recovery,rack-compact,8,1,100,16,1,green,0,0,0,7,1,,,,H_0_1:1|H_0_2:2|H_1_0:1|H_1_1:2|H_1_3:1
smoke__phase-offset-smart-recovery__rack-compact__g8__c1__p100__b16__s1,phase-offset-smart-recovery,rack-compact,8,1,100,16,1,blue,0,0,0,7,1,,,,H_0_1:1|H_0_2:2|H_1_0:1|H_1_1:2|H_1_3:1
smoke__phase-offset-smart-recovery__rack-compact__g8__c1__p100__b16__s1,phase-offset-smart-recovery,rack-compact,8,1,100,16,1,orange,0,0,0,7,1,,,,H_0_1:1|H_0_2:2|H_1_0:1|H_1_1:2|H_1_3:1
smoke__no-recovery-max-rate__rack-compact__g8__c2__p100__b16__s1,no-recovery-max-rate,rack-compact,8,2,100,16,1,red,8,7,1,7,1,RS_0_0.p3<->H_0_1.pU|RS_0_1.p2<->H_0_2.pU|RS_0_1.p3<->H_0_3.pU|RS_1_0.p2<->H_1_0.pU|RS_1_0.p3<->H_1_1.pU|RS_1_1.p2<->H_1_2.pU|RS_1_1.p3<->H_1_3.pU|RS_0_0.p2<->H_0_0.pU,SS0,70,
smoke__no-recovery-max-rate__rack-compact__g8__c2__p100__b16__s1,no-recovery-max-rate,rack-compact,8,2,100,16,1,green,8,7,1,7,1,RS_2_0.p3<->H_2_1.pU|RS_2_1.p2<->H_2_2.pU|RS_2_1.p3<->H_2_3.pU|RS_3_0.p2<->H_3_0.pU|RS_3_0.p3<->H_3_1.pU|RS_3_1.p2<->H_3_2.pU|RS_3_1.p3<->H_3_3.pU|RS_2_0.p2<->H_2_0.pU,SS1,70,
smoke__no-recovery-max-rate__rack-compact__g8__c2__p100__b16__s1,no-recovery-max-rate,rack-compact,8,2,100,16,1,blue,0,0,0,7,1,,,,
smoke__no-recovery-max-rate__rack-compact__g8__c2__p100__b16__s1,no-recovery-max-rate,rack-compact,8,2,100,16,1,orange,0,0,0,7,1,,,,
smoke__smart-recovery-max-rate__rack-compact__g8__c2__p100__b16__s1,smart-recovery-max-rate,rack-compact,8,2,100,16,1,red,8,7,1,7,1,RS_0_0.p3<->H_0_1.pU|RS_0_1.p2<->H_0_2.pU|RS_0_1.p3<->H_0_3.pU|RS_1_0.p2<->H_1_0.pU|RS_1_0.p3<->H_1_1.pU|RS_1_1.p2<->H_1_2.pU|RS_1_1.p3<->H_1_3.pU|RS_0_0.p2<->H_0_0.pU,SS0,70,
smoke__smart-recovery-max-rate__rack-compact__g8__c2__p100__b16__s1,smart-recovery-max-rate,rack-compact,8,2,100,16,1,green,8,7,1,7,1,RS_2_0.p3<->H_2_1.pU|RS_2_1.p2<->H_2_2.pU|RS_2_1.p3<->H_2_3.pU|RS_3_0.p2<->H_3_0.pU|RS_3_0.p3<->H_3_1.pU|RS_3_1.p2<->H_3_2.pU|RS_3_1.p3<->H_3_3.pU|RS_2_0.p2<->H_2_0.pU,SS1,70,
smoke__smart-recovery-max-rate__rack-compact__g8__c2__p100__b16__s1,smart-recovery-max-rate,rack-compact,8,2,100,16,1,blue,0,0,0,7,1,,,,
smoke__smart-recovery-max-rate__rack-compact__g8__c2__p100__b16__s1,smart-recovery-max-rate,rack-compact,8,2,100,16,1,orange,0,0,0,7,1,,,,
smoke__static-lossless-rate__rack-compact__g8__c2__p100__b16__s1,static-lossless-rate,rack-compact,8,2,100,16,1,red,8,7,1,7,1,RS_0_0.p3<->H_0_1.pU|RS_0_1.p2<->H_0_2.pU|RS_0_1.p3<->H_0_3.pU|RS_1_0.p2<->H_1_0.pU|RS_1_0.p3<->H_1_1.pU|RS_1_1.p2<->H_1_2.pU|RS_1_1.p3<->H_1_3.pU|RS_0_0.p2<->H_0_0.pU,SS0,7,
smoke__static-lossless-rate__rack-compact__g8__c2__p100__b16__s1,static-lossless-rate,rack-compact,8,2,100,16,1,green,8,7,1,7,1,RS_2_0.p3<->H_2_1.pU|RS_2_1.p2<->H_2_2.pU|RS_2_1.p3<->H_2_3.pU|RS_3_0.p2<->H_3_0.pU|RS_3_0.p3<->H_3_1.pU|RS_3_1.p2<->H_3_2.pU|RS_3_1.p3<->H_3_3.pU|RS_2_0.p2<->H_2_0.pU,SS1,7,
smoke__static-lossless-rate__rack-compact__g8__c2__p100__b16__s1,static-lossless-rate,rack-compact,8,2,100,16,1,blue,0,0,0,7,1,,,,
smoke__static-lossless-rate__rack-compact__g8__c2__p100__b16__s1,static-lossless-rate,rack-compact,8,2,100,16,1,orange,0,0,0,7,1,,,,
smoke__intermediate-rate__rack-compact__g8__c2__p100__b16__s1,intermediate-rate,rack-compact,8,2,100,16,1,red,8,7,1,7,1,RS_0_0.p3<->H_0_1.pU|RS_0_1.p2<->H_0_2.pU|RS_0_1.p3<->H_0_3.pU|RS_1_0.p2<->H_1_0.pU|RS_1_0.p3<->H_1_1.pU|RS_1_1.p2<->H_1_2.pU|RS_1_1.p3<->H_1_3.pU|RS_0_0.p2<->H_0_0.pU,SS0,42,
smoke__intermediate-rate__rack-compact__g8__c2__p100__b16__s1,intermediate-rate,rack-compact,8,2,100,16,1,green,8,7,1,7,1,RS_2_0.p3<->H_2_1.pU|RS_2_1.p2<->H_2_2.pU|RS_2_1.p3<->H_2_3.pU|RS_3_0.p2<->H_3_0.pU|RS_3_0.p3<->H_3_1.pU|RS_3_1.p2<->H_3_2.pU|RS_3_1.p3<->H_3_3.pU|RS_2_0.p2<->H_2_0.pU,SS1,42,
smoke__intermediate-rate__rack-compact__g8__c2__p100__b16__s1,intermediate-rate,rack-compact,8,2,100,16,1,blue,0,0,0,7,1,,,,
smoke__intermediate-rate__rack-compact__g8__c2__p100__b16__s1,intermediate-rate,rack-compact,8,2,100,16,1,orange,0,0,0,7,1,,,,
smoke__member-formula-rate__rack-compact__g8__c2__p100__b16__s1,member-formula-rate,rack-compact,8,2,100,16,1,red,8,7,1,7,1,RS_0_0.p3<->H_0_1.pU|RS_0_1.p2<->H_0_2.pU|RS_0_1.p3<->H_0_3.pU|RS_1_0.p2<->H_1_0.pU|RS_1_0.p3<->H_1_1.pU|RS_1_1.p2<->H_1_2.pU|RS_1_1.p3<->H_1_3.pU|RS_0_0.p2<->H_0_0.pU,SS0,7,
smoke__member-formula-rate__rack-compact__g8__c2__p100__b16__s1,member-formula-rate,rack-compact,8,2,100,16,1,green,8,7,1,7,1,RS_2_0.p3<->H_2_1.pU|RS_2_1.p2<->H_2_2.pU|RS_2_1.p3<->H_2_3.pU|RS_3_0.p2<->H_3_0.pU|RS_3_0.p3<->H_3_1.pU|RS_3_1.p2<->H_3_2.pU|RS_3_1.p3<->H_3_3.pU|RS_2_0.p2<->H_2_0.pU,SS1,7,
smoke__member-formula-rate__rack-compact__g8__c2__p100__b16__s1,member-formula-rate,rack-compact,8,2,100,16,1,blue,0,0,0,7,1,,,,
smoke__member-formula-rate__rack-compact__g8__c2__p100__b16__s1,member-formula-rate,rack-compact,8,2,100,16,1,orange,0,0,0,7,1,,,,
smoke__sequential-smart-recovery__rack-compact__g8__c2__p100__b16__s1,sequential-smart-recovery,rack-compact,8,2,100,16,1,red,8,7,1,7,1,RS_0_0.p3<->H_0_1.pU|RS_0_1.p2<->H_0_2.pU|RS_0_1.p3<->H_0_3.pU|RS_1_0.p2<->H_1_0.pU|RS_1_0.p3<->H_1_1.pU|RS_1_1.p2<->H_1_2.pU|RS_1_1.p3<->H_1_3.pU|RS_0_0.p2<->H_0_0.pU,SS0,70,
smoke__sequential-smart-recovery__rack-compact__g8__c2__p100__b16__s1,sequential-smart-recovery,rack-compact,8,2,100,16,1,green,8,7,1,7,1,RS_2_0.p3<->H_2_1.pU|RS_2_1.p2<->H_2_2.pU|RS_2_1.p3<->H_2_3.pU|RS_3_0.p2<->H_3_0.pU|RS_3_0.p3<->H_3_1.pU|RS_3_1.p2<->H_3_2.pU|RS_3_1.p3<->H_3_3.pU|RS_2_0.p2<->H_2_0.pU,SS1,70,
smoke__sequential-smart-recovery__rack-compact__g8__c2__p100__b16__s1,sequential-smart-recovery,rack-compact,8,2,100,16,1,blue,0,0,0,7,1,,,,
smoke__sequential-smart-recovery__rack-compact__g8__c2__p100__b16__s1,sequential-smart-recovery,rack-compact,8,2,100,16,1,orange,0,0,0,7,1,,,,
smoke__phase-offset-smart-recovery__rack-compact__g8__c2__p100__b16__s1,phase-offset-smart-recovery,rack-compact,8,2,100,16,1,red,8,7,1,7,1,RS_0_0.p3<->H_0_1.pU|RS_0_1.p2<->H_0_2.pU|RS_0_1.p3<->H_0_3.pU|RS_1_0.p2<->H_1_0.pU|RS_1_0.p3<->H_1_1.pU|RS_1_1.p2<->H_1_2.pU|RS_1_1.p3<->H_1_3.pU|RS_0_0.p2<->H_0_0.pU,SS0,70,H_0_1:1|H_0_2:2|H_1_0:1|H_1_1:2|H_1_3:1|H_2_0:1|H_2_1:2|H_2_2:3|H_2_3:1|H_3_0:2|H_3_1:3|H_3_2:1|H_3_3:2
smoke__phase-offset-smart-recovery__rack-compact__g8__c2__p100__b16__s1,phase-offset-smart-recovery,rack-compact,8,2,100,16,1,green,8,7,1,7,1,RS_2_0.p3<->H_2_1.pU|RS_2_1.p2<->H_2_2.pU|RS_2_1.p3<->H_2_3.pU|RS_3_0.p2<->H_3_0.pU|RS_3_0.p3<->H_3_1.pU|RS_3_1.p2<->H_3_2.pU|RS_3_1.p3<->H_3_3.pU|RS_2_0.p2<->H_2_0.pU,SS1,70,H_0_1:1|H_0_2:2|H_1_0:1|H_1_1:2|H_1_3:1|H_2_0:1|H_2_1:2|H_2_2:3|H_2_3:1|H_3_0:2|H_3_1:3|H_3_2:1|H_3_3:2
smoke__phase-offset-smart-recovery__rack-compact__g8__c2__p100__b16__s1,phase-offset-smart-recovery,rack-compact,8,2,100,16,1,blue,0,0,0,7,1,,,,H_0_1:1|H_0_2:2|H_1_0:1|H_1_1:2|H_1_3:1|H_2_0:1|H_2_1:2|H_2_2:3|H_2_3:1|H_3_0:2|H_3_1:3|H_3_2:1|H_3_3:2
smoke__phase-offset-smart-recovery__rack-compact__g8__c2__p100__b16__s1,phase-offset-smart-recovery,rack-compact,8,2,100,16,1,orange,0,0,0,7,1,,,,H_0_1:1|H_0_2:2|H_1_0:1|H_1_1:2|H_1_3:1|H_2_0:1|H_2_1:2|H_2_2:3|H_2_3:1|H_3_0:2|H_3_1:3|H_3_2:1|H_3_3:2
smoke__no-recovery-max-rate__global-spread__g4__c1__p100__b16__s1,no-recovery-max-rate,global-spread,4,1,100,16,1,red,4,3,3,3,3,SS0.p1<->FS_1_0.p0|FS_1_0.p2<->RS_1_0.p0|RS_1_0.p3<->H_1_1.pU|SS0.p2<->FS_2_0.p0|FS_2_0.p3<->RS_2_1.p0|RS_2_1.p2<->H_2_2.pU|SS0.p3<->FS_3_0.p0|FS_3_0.p3<->RS_3_1.p0|RS_3_1.p3<->H_3_3.pU|SS0.p0<->FS_0_0.p0|FS_0_0.p2<->RS_0_0.p0|RS_0_0.p2<->H_0_0.pU,SS0,30,
smoke__no-recovery-max-rate__global-spread__g4__c1__p100__b16__s1,no-recovery-max-rate,global-spread,4,1,100,16,1,green,0,0,0,3,3,,,,
smoke__no-recovery-max-rate__global-spread__g4__c1__p100__b16__s1,no-recovery-max-rate,global-spread,4,1,100,16,1,blue,0,0,0,3,3,,,,
smoke__no-recovery-max-rate__global-spread__g4__c1__p100__b16__s1,no-recovery-max-rate,global-spread,4,1,100,16,1,orange,0,0,0,3,3,,,,
smoke__smart-recovery-max-rate__global-spread__g4__c1__p100__b16__s1,smart-recovery-max-rate,global-spread,4,1,100,16,1,red,4,3,3,3,3,SS0.p1<->FS_1_0.p0|FS_1_0.p2<->RS_1_0.p0|RS_1_0.p3<->H_1_1.pU|SS0.p2<->FS_2_0.p0|FS_2_0.p3<->RS_2_1.p0|RS_2_1.p2<->H_2_2.pU|SS0.p3<->FS_3_0.p0|FS_3_0.p3<->RS_3_1.p0|RS_3_1.p3<->H_3_3.pU|SS0.p0<->FS_0_0.p0|FS_0_0.p2<->RS_0_0.p0|RS_0_0.p2<->H_0_0.pU,SS0,30,
smoke__smart-recovery-max-rate__global-spread__g4__c1__p100__b16__s1,smart-recovery-max-rate,global-spread,4,1,100,16,1,green,0,0,0,3,3,,,,
smoke__smart-recovery-max-rate__global-spread__g4__c1__p100__b16__s1,smart-recovery-max-rate,global-spread,4,1,100,16,1,blue,0,0,0,3,3,,,,
smoke__smart-recovery-max-rate__global-spread__g4__c1__p100__b16__s1,smart-recovery-max-rate,global-spread,4,1,100,16,1,orange,0,0,0,3,3,,,,
smoke__static-lossless-rate__global-spread__g4__c1__p100__b16__s1,static-lossless-rate,global-spread,4,1,100,16,1,red,4,3,3,3,3,SS0.p1<->FS_1_0.p0|FS_1_0.p2<->RS_1_0.p0|RS_1_0.p3<->H_1_1.pU|SS0.p2<->FS_2_0.p0|FS_2_0.p3<->RS_2_1.p0|RS_2_1.p2<->H_2_2.pU|SS0.p3<->FS_3_0.p0|FS_3_0.p3<->RS_3_1.p0|RS_3_1.p3<->H_3_3.pU|SS0.p0<->FS_0_0.p0|FS_0_0.p2<->RS_0_0.p0|RS_0_0.p2<->H_0_0.pU,SS0,9,
smoke__static-lossless-rate__global-spread__g4__c1__p100__b16__s1,static-lossless-rate,global-spread,4,1,100,16,1,green,0,0,0,3,3,,,,
smoke__static-lossless-rate__global-spread__g4__c1__p100__b16__s1,static-lossless-rate,global-spread,4,1,100,16,1,blue,0,0,0,3,3,,,,
smoke__static-lossless-rate__global-spread__g4__c1__p100__b16__s1,static-lossless-rate,global-spread,4,1,100,16,1,orange,0,0,0,3,3,,,,
smoke__intermediate-rate__global-spread__g4__c1__p100__b16__s1,intermediate-rate,global-spread,4,1,100,16,1,red,4,3,3,3,3,SS0.p1<->FS_1_0.p0|FS_1_0.p2<->RS_1_0.p0|RS_1_0.p3<->H_1_1.pU|SS0.p2<->FS_2_0.p0|FS_2_0.p3<->RS_2_1.p0|RS_2_1.p2<->H_2_2.pU|SS0.p3<->FS_3_0.p0|FS_3_0.p3<->RS_3_1.p0|RS_3_1.p3<->H_3_3.pU|SS0.p0<->FS_0_0.p0|FS_0_0.p2<->RS_0_0.p0|RS_0_0.p2<->H_0_0.pU,SS0,21,
smoke__intermediate-rate__global-spread__g4__c1__p100__b16__s1,intermediate-rate,global-spread,4,1,100,16,1,green,0,0,0,3,3,,,,
smoke__intermediate-rate__global-spread__g4__c1__p100__b16__s1,intermediate-rate,global-spread,4,1,100,16,1,blue,0,0,0,3,3,,,,
smoke__intermediate-rate__global-spread__g4__c1__p100__b16__s1,intermediate-rate,global-spread,4,1,100,16,1,orange,0,0,0,3,3,,,,
smoke__member-formula-rate__global-spread__g4__c1__p100__b16__s1,member-formula-rate,global-spread,4,1,100,16,1,red,4,3,3,3,3,SS0.p1<->FS_1_0.p0|FS_1_0.p2<->RS_1_0.p0|RS_1_0.p3<->H_1_1.pU|SS0.p2<->FS_2_0.p0|FS_2_0.p3<->RS_2_1.p0|RS_2_1.p2<->H_2_2.pU|SS0.p3<->FS_3_0.p0|FS_3_0.p3<->RS_3_1.p0|RS_3_1.p3<->H_3_3.pU|SS0.p0<->FS_0_0.p0|FS_0_0.p2<->RS_0_0.p0|RS_0_0.p2<->H_0_0.pU,SS0,9,
smoke__member-formula-rate__global-spread__g4__c1__p100__b16__s1,member-formula-rate,global-spread,4,1,100,16,1,green,0,0,0,3,3,,,,
smoke__member-formula-rate__global-spread__g4__c1__p100__b16__s1,member-formula-rate,global-spread,4,1,100,16,1,blue,0,0,0,3,3,,,,
smoke__member-formula-rate__global-spread__g4__c1__p100__b16__s1,member-formula-rate,global-spread,4,1,100,16,1,orange,0,0,0,3,3,,,,
smoke__sequential-smart-recovery__global-spread__g4__c1__p100__b16__s1,sequential-smart-recovery,global-spread,4,1,100,16,1,red,4,3,3,3,3,SS0.p1<->FS_1_0.p0|FS_1_0.p2<->RS_1_0.p0|RS_1_0.p3<->H_1_1.pU|SS0.p2<->FS_2_0.p0|FS_2_0.p3<->RS_2_1.p0|RS_2_1.p2<->H_2_2.pU|SS0.p3<->FS_3_0.p0|FS_3_0.p3<->RS_3_1.p0|RS_3_1.p3<->H_3_3.pU|SS0.p0<->FS_0_0.p0|FS_0_0.p2<->RS_0_0.p0|RS_0_0.p2<->H_0_0.pU,SS0,30,
smoke__sequential-smart-recovery__global-spread__g4__c1__p100__b16__s1,sequential-smart-recovery,global-spread,4,1,100,16,1,green,0,0,0,3,3,,,,
smoke__sequential-smart-recovery__global-spread__g4__c1__p100__b16__s1,sequential-smart-recovery,global-spread,4,1,100,16,1,blue,0,0,0,3,3,,,,
smoke__sequential-smart-recovery__global-spread__g4__c1__p100__b16__s1,sequential-smart-recovery,global-spread,4,1,100,16,1,orange,0,0,0,3,3,,,,
smoke__phase-offset-smart-recovery__global-spread__g4__c1__p100__b16__s1,phase-offset-smart-recovery,global-spread,4,1,100,16,1,red,4,3,3,3,3,SS0.p1<->FS_1_0.p0|FS_1_0.p2<->RS_1_0.p0|RS_1_0.p3<->H_1_1.pU|SS0.p2<->FS_2_0.p0|FS_2_0.p3<->RS_2_1.p0|RS_2_1.p2<->H_2_2.pU|SS0.p3<->FS_3_0.p0|FS_3_0.p3<->RS_3_1.p0|RS_3_1.p3<->H_3_3.pU|SS0.p0<->FS_0_0.p0|FS_0_0.p2<->RS_0_0.p0|RS_0_0.p2<->H_0_0.pU,SS0,30,H_1_1:1|H_2_2:2
smoke__phase-offset-smart-recovery__global-spread__g4__c1__p100__b16__s1,phase-offset-smart-recovery,global-spread,4,1,100,16,1,green,0,0,0,3,3,,,,H_1_1:1|H_2_2:2
smoke__phase-offset-smart-recovery__global-spread__g4__c1__p100__b16__s1,phase-offset-smart-recovery,global-spread,4,1,100,16,1,blue,0,0,0,3,3,,,,H_1_1:1|H_2_2:2
smoke__phase-offset-smart-recovery__global-spread__g4__c1__p100__b16__s1,phase-offset-smart-recovery,global-spread,4,1,100,16,1,orange,0,0,0,3,3,,,,H_1_1:1|H_2_2:2
smoke__no-recovery-max-rate__global-spread__g4__c2__p100__b16__s1,no-recovery-max-rate,global-spread,4,2,100,16,1,red,4,3,3,3,3,SS0.p1<->FS_1_0.p0|FS_1_0.p2<->RS_1_0.p0|RS_1_0.p3<->H_1_1.pU|SS0.p2<->FS_2_0.p0|FS_2_0.p3<->RS_2_1.p0|RS_2_1.p2<->H_2_2.pU|SS0.p3<->FS_3_0.p0|FS_3_0.p3<->RS_3_1.p0|RS_3_1.p3<->H_3_3.pU|SS0.p0<->FS_0_0.p0|FS_0_0.p2<->RS_0_0.p0|RS_0_0.p2<->H_0_0.pU,SS0,30,
smoke__no-recovery-max-rate__global-spread__g4__c2__p100__b16__s1,no-recovery-max-rate,global-spread,4,2,100,16,1,green,4,3,3,3,3,SS1.p1<->FS_1_0.p1|FS_1_0.p3<->RS_1_1.p0|RS_1_1.p2<->H_1_2.pU|SS1.p2<->FS_2_0.p1|FS_2_0.p2<->RS_2_0.p0|RS_2_0.p3<->H_2_1.pU|SS1.p3<->FS_3_0.p1|FS_3_0.p2<->RS_3_0.p0|RS_3_0.p2<->H_3_0.pU|SS1.p0<->FS_0_0.p1|FS_0_0.p3<->RS_0_1.p0|RS_0_1.p3<->H_0_3.pU,SS1,30,
smoke__no-recovery-max-rate__global-spread__g4__c2__p100__b16__s1,no-recovery-max-rate,global-spread,4,2,100,16,1,blue,0,0,0,3,3,,,,
smoke__no-recovery-max-rate__global-spread__g4__c2__p100__b16__s1,no-recovery-max-rate,global-spread,4,2,100,16,1,orange,0,0,0,3,3,,,,
smoke__smart-recovery-max-rate__global-spread__g4__c2__p100__b16__s1,smart-recovery-max-rate,global-spread,4,2,100,16,1,red,4,3,3,3,3,SS0.p1<->FS_1_0.p0|FS_1_0.p2<->RS_1_0.p0|RS_1_0.p3<->H_1_1.pU|SS0.p2<->FS_2_0.p0|FS_2_0.p3<->RS_2_1.p0|RS_2_1.p2<->H_2_2.pU|SS0.p3<->FS_3_0.p0|FS_3_0.p3<->RS_3_1.p0|RS_3_1.p3<->H_3_3.pU|SS0.p0<->FS_0_0.p0|FS_0_0.p2<->RS_0_0.p0|RS_0_0.p2<->H_0_0.pU,SS0,30,
smoke__smart-recovery-max-rate__global-spread__g4__c2__p100__b16__s1,smart-recovery-max-rate,global-spread,4,2,100,16,1,green,4,3,3,3,3,SS1.p1<->FS_1_0.p1|FS_1_0.p3<->RS_1_1.p0|RS_1_1.p2<->H_1_2.pU|SS1.p2<->FS_2_0.p1|FS_2_0.p2<->RS_2_0.p0|RS_2_0.p3<->H_2_1.pU|SS1.p3<->FS_3_0.p1|FS_3_0.p2<->RS_3_0.p0|RS_3_0.p2<->H_3_0.pU|SS1.p0<->FS_0_0.p1|FS_0_0.p3<->RS_0_1.p0|RS_0_1.p3<->H_0_3.pU,SS1,30,
smoke__smart-recovery-max-rate__global-spread__g4__c2__p100__b16__s1,smart-recovery-max-rate,global-spread,4,2,100,16,1,blue,0,0,0,3,3,,,,
smoke__smart-recovery-max-rate__global-spread__g4__c2__p100__b16__s1,smart-recovery-max-rate,global-spread,4,2,100,16,1,orange,0,0,0,3,3,,,,
smoke__static-lossless-rate__global-spread__g4__c2__p100__b16__s1,static-lossless-rate,global-spread,4,2,100,16,1,red,4,3,3,3,3,SS0.p1<->FS_1_0.p0|FS_1_0.p2<->RS_1_0.p0|RS_1_0.p3<->H_1_1.pU|SS0.p2<->FS_2_0.p0|FS_2_0.p3<->RS_2_1.p0|RS_2_1.p2<->H_2_2.pU|SS0.p3<->FS_3_0.p0|FS_3_0.p3<->RS_3_1.p0|RS_3_1.p3<->H_3_3.pU|SS0.p0<->FS_0_0.p0|FS_0_0.p2<->RS_0_0.p0|RS_0_0.p2<->H_0_0.pU,SS0,9,
smoke__static-lossless-rate__global-spread__g4__c2__p100__b16__s1,static-lossless-rate,global-spread,4,2,100,16,1,green,4,3,3,3,3,SS1.p1<->FS_1_0.p1|FS_1_0.p3<->RS_1_1.p0|RS_1_1.p2<->H_1_2.pU|SS1.p2<->FS_2_0.p1|FS_2_0.p2<->RS_2_0.p0|RS_2_0.p3<->H_2_1.pU|SS1.p3<->FS_3_0.p1|FS_3_0.p2<->RS_3_0.p0|RS_3_0.p2<->H_3_0.pU|SS1.p0<->FS_0_0.p1|FS_0_0.p3<->RS_0_1.p0|RS_0_1.p3<->H_0_3.pU,SS1,9,
smoke__static-lossless-rate__global-spread__g4__c2__p100__b16__s1,static-lossless-rate,global-spread,4,2,100,16,1,blue,0,0,0,3,3,,,,
smoke__static-lossless-rate__global-spread__g4__c2__p100__b16__s1,static-lossless-rate,global-spread,4,2,100,16,1,orange,0,0,0,3,3,,,,
smoke__intermediate-rate__global-spread__g4__c2__p100__b16__s1,intermediate-rate,global-spread,4,2,100,16,1,red,4,3,3,3,3,SS0.p1<->FS_1_0.p0|FS_1_0.p2<->RS_1_0.p0|RS_1_0.p3<->H_1_1.pU|SS0.p2<->FS_2_0.p0|FS_2_0.p3<->RS_2_1.p0|RS_2_1.p2<->H_2_2.pU|SS0.p3<->FS_3_0.p0|FS_3_0.p3<->RS_3_1.p0|RS_3_1.p3<->H_3_3.pU|SS0.p0<->FS_0_0.p0|FS_0_0.p2<->RS_0_0.p0|RS_0_0.p2<->H_0_0.pU,SS0,21,
smoke__intermediate-rate__global-spread__g4__c2__p100__b16__s1,intermediate-rate,global-spread,4,2,100,16,1,green,4,3,3,3,3,SS1.p1<->FS_1_0.p1|FS_1_0.p3<->RS_1_1.p0|RS_1_1.p2<->H_1_2.pU|SS1.p2<->FS_2_0.p1|FS_2_0.p2<->RS_2_0.p0|RS_2_0.p3<->H_2_1.pU|SS1.p3<->FS_3_0.p1|FS_3_0.p2<->RS_3_0.p0|RS_3_0.p2<->H_3_0.pU|SS1.p0<->FS_0_0.p1|FS_0_0.p3<->RS_0_1.p0|RS_0_1.p3<->H_0_3.pU,SS1,21,
smoke__intermediate-rate__global-spread__g4__c2__p100__b16__s1,intermediate-rate,global-spread,4,2,100,16,1,blue,0,0,0,3,3,,,,
smoke__intermediate-rate__global-spread__g4__c2__p100__b16__s1,intermediate-rate,global-spread,4,2,100,16,1,orange,0,0,0,3,3,,,,
smoke__member-formula-rate__global-spread__g4__c2__p100__b16__s1,member-formula-rate,global-spread,4,2,100,16,1,red,4,3,3,3,3,SS0.p1<->FS_1_0.p0|FS_1_0.p2<->RS_1_0.p0|RS_1_0.p3<->H_1_1.pU|SS0.p2<->FS_2_0.p0|FS_2_0.p3<->RS_2_1.p0|RS_2_1.p2<->H_2_2.pU|SS0.p3<->FS_3_0.p0|FS_3_0.p3<->RS_3_1.p0|RS_3_1.p3<->H_3_3.pU|SS0.p0<->FS_0_0.p0|FS_0_0.p2<->RS_0_0.p0|RS_0_0.p2<->H_0_0.pU,SS0,9,
smoke__member-formula-rate__global-spread__g4__c2__p100__b16__s1,member-formula-rate,global-spread,4,2,100,16,1,green,4,3,3,3,3,SS1.p1<->FS_1_0.p1|FS_1_0.p3<->RS_1_1.p0|RS_1_1.p2<->H_1_2.pU|SS1.p2<->FS_2_0.p1|FS_2_0.p2<->RS_2_0.p0|RS_2_0.p3<->H_2_1.pU|SS1.p3<->FS_3_0.p1|FS_3_0.p2<->RS_3_0.p0|RS_3_0.p2<->H_3_0.pU|SS1.p0<->FS_0_0.p1|FS_0_0.p3<->RS_0_1.p0|RS_0_1.p3<->H_0_3.pU,SS1,9,
smoke__member-formula-rate__global-spread__g4__c2__p100__b16__s1,member-formula-rate,global-spread,4,2,100,16,1,blue,0,0,0,3,3,,,,
smoke__member-formula-rate__global-spread__g4__c2__p100__b16__s1,member-formula-rate,global-spread,4,2,100,16,1,orange,0,0,0,3,3,,,,
smoke__sequential-smart-recovery__global-spread__g4__c2__p100__b16__s1,sequential-smart-recovery,global-spread,4,2,100,16,1,red,4,3,3,3,3,SS0.p1<->FS_1_0.p0|FS_1_0.p2<->RS_1_0.p0|RS_1_0.p3<->H_1_1.pU|SS0.p2<->FS_2_0.p0|FS_2_0.p3<->RS_2_1.p0|RS_2_1.p2<->H_2_2.pU|SS0.p3<->FS_3_0.p0|FS_3_0.p3<->RS_3_1.p0|RS_3_1.p3<->H_3_3.pU|SS0.p0<->FS_0_0.p0|FS_0_0.p2<->RS_0_0.p0|RS_0_0.p2<->H_0_0.pU,SS0,30,
smoke__sequential-smart-recovery__global-spread__g4__c2__p100__b16__s1,sequential-smart-recovery,global-spread,4,2,100,16,1,green,4,3,3,3,3,SS1.p1<->FS_1_0.p1|FS_1_0.p3<->RS_1_1.p0|RS_1_1.p2<->H_1_2.pU|SS1.p2<->FS_2_0.p1|FS_2_0.p2<->RS_2_0.p0|RS_2_0.p3<->H_2_1.pU|SS1.p3<->FS_3_0.p1|FS_3_0.p2<->RS_3_0.p0|RS_3_0.p2<->H_3_0.pU|SS1.p0<->FS_0_0.p1|FS_0_0.p3<->RS_0_1.p0|RS_0_1.p3<->H_0_3.pU,SS1,30,
smoke__sequential-smart-recovery__global-spread__g4__c2__p100__b16__s1,sequential-smart-recovery,global-spread,4,2,100,16,1,blue,0,0,0,3,3,,,,
smoke__sequential-smart-recovery__global-spread__g4__c2__p100__b16__s1,sequential-smart-recovery,global-spread,4,2,100,16,1,orange,0,0,0,3,3,,,,
smoke__phase-offset-smart-recovery__global-spread__g4__c2__p100__b16__s1,phase-offset-smart-recovery,global-spread,4,2,100,16,1,red,4,3,3,3,3,SS0.p1<->FS_1_0.p0|FS_1_0.p2<->RS_1_0.p0|RS_1_0.p3<->H_1_1.pU|SS0.p2<->FS_2_0.p0|FS_2_0.p3<->RS_2_1.p0|RS_2_1.p2<->H_2_2.pU|SS0.p3<->FS_3_0.p0|FS_3_0.p3<->RS_3_1.p0|RS_3_1.p3<->H_3_3.pU|SS0.p0<->FS_0_0.p0|FS_0_0.p2<->RS_0_0.p0|RS_0_0.p2<->H_0_0.pU,SS0,30,H_0_3:1|H_1_1:1|H_1_2:2|H_2_1:3|H_2_2:2|H_3_0:1
smoke__phase-offset-smart-recovery__global-spread__g4__c2__p100__b16__s1,phase-offset-smart-recovery,global-spread,4,2,100,16,1,green,4,3,3,3,3,SS1.p1<->FS_1_0.p1|FS_1_0.p3<->RS_1_1.p0|RS_1_1.p2<->H_1_2.pU|SS1.p2<->FS_2_0.p1|FS_2_0.p2<->RS_2_0.p0|RS_2_0.p3<->H_2_1.pU|SS1.p3<->FS_3_0.p1|FS_3_0.p2<->RS_3_0.p0|RS_3_0.p2<->H_3_0.pU|SS1.p0<->FS_0_0.p1|FS_0_0.p3<->RS_0_1.p0|RS_0_1.p3<->H_0_3.pU,SS1,30,H_0_3:1|H_1_1:1|H_1_2:2|H_2_1:3|H_2_2:2|H_3_0:1
smoke__phase-offset-smart-recovery__global-spread__g4__c2__p100__b16__s1,phase-offset-smart-recovery,global-spread,4,2,100,16,1,blue,0,0,0,3,3,,,,H_0_3:1|H_1_1:1|H_1_2:2|H_2_1:3|H_2_2:2|H_3_0:1
smoke__phase-offset-smart-recovery__global-spread__g4__c2__p100__b16__s1,phase-offset-smart-recovery,global-spread,4,2,100,16,1,orange,0,0,0,3,3,,,,H_0_3:1|H_1_1:1|H_1_2:2|H_2_1:3|H_2_2:2|H_3_0:1
smoke__no-recovery-max-rate__global-spread__g8__c1__p100__b16__s1,no-recovery-max-rate,global-spread,8,1,100,16,1,red,8,7,1,7,1,FS_0_0.p3<->RS_0_1.p0|RS_0_1.p3<->H_0_3.pU|FS_1_0.p2<->RS_1_0.p0|RS_1_0.p3<->H_1_1.pU|FS_1_0.p3<->RS_1_1.p0|RS_1_1.p2<->H_1_2.pU|FS_2_0.p2<->RS_2_0.p0|RS_2_0.p3<->H_2_1.pU|FS_2_0.p3<->RS_2_1.p0|RS_2_1.p2<->H_2_2.pU|FS_3_0.p2<->RS_3_0.p0|RS_3_0.p2<->H_3_0.pU|FS_3_0.p3<->RS_3_1.p0|RS_3_1.p3<->H_3_3.pU|FS_0_0.p2<->RS_0_0.p0|RS_0_0.p2<->H_0_0.pU,SS0,70,
smoke__no-recovery-max-rate__global-spread__g8__c1__p100__b16__s1,no-recovery-max-rate,global-spread,8,1,100,16,1,green,0,0,0,7,1,,,,
smoke__no-recovery-max-rate__global-spread__g8__c1__p100__b16__s1,no-recovery-max-rate,global-spread,8,1,100,16,1,blue,0,0,0,7,1,,,,
smoke__no-recovery-max-rate__global-spread__g8__c1__p100__b16__s1,no-recovery-max-rate,global-spread,8,1,100,16,1,orange,0,0,0,7,1,,,,
smoke__smart-recovery-max-rate__global-spread__g8__c1__p100__b16__s1,smart-recovery-max-rate,global-spread,8,1,100,16,1,red,8,7,1,7,1,FS_0_0.p3<->RS_0_1.p0|RS_0_1.p3<->H_0_3.pU|FS_1_0.p2<->RS_1_0.p0|RS_1_0.p3<->H_1_1.pU|FS_1_0.p3<->RS_1_1.p0|RS_1_1.p2<->H_1_2.pU|FS_2_0.p2<->RS_2_0.p0|RS_2_0.p3<->H_2_1.pU|FS_2_0.p3<->RS_2_1.p0|RS_2_1.p2<->H_2_2.pU|FS_3_0.p2<->RS_3_0.p0|RS_3_0.p2<->H_3_0.pU|FS_3_0.p3<->RS_3_1.p0|RS_3_1.p3<->H_3_3.pU|FS_0_0.p2<->RS_0_0.p0|RS_0_0.p2<->H_0_0.pU,SS0,70,
smoke__smart-recovery-max-rate__global-spread__g8__c1__p100__b16__s1,smart-recovery-max-rate,global-spread,8,1,100,16,1,green,0,0,0,7,1,,,,
smoke__smart-recovery-max-rate__global-spread__g8__c1__p100__b16__s1,smart-recovery-max-rate,global-spread,8,1,100,16,1,blue,0,0,0,7,1,,,,
smoke__smart-recovery-max-rate__global-spread__g8__c1__p100__b16__s1,smart-recovery-max-rate,global-spread,8,1,100,16,1,orange,0,0,0,7,1,,,,
smoke__static-lossless-rate__global-spread__g8__c1__p100__b16__s1,static-lossless-rate,global-spread,8,1,100,16,1,red,8,7,1,7,1,FS_0_0.p3<->RS_0_1.p0|RS_0_1.p3<->H_0_3.pU|FS_1_0.p2<->RS_1_0.p0|RS_1_0.p3<->H_1_1.pU|FS_1_0.p3<->RS_1_1.p0|RS_1_1.p2<->H_1_2.pU|FS_2_0.p2<->RS_2_0.p0|RS_2_0.p3<->H_2_1.pU|FS_2_0.p3<->RS_2_1.p0|RS_2_1.p2<->H_2_2.pU|FS_3_0.p2<->RS_3_0.p0|RS_3_0.p2<->H_3_0.pU|FS_3_0.p3<->RS_3_1.p0|RS_3_1.p3<->H_3_3.pU|FS_0_0.p2<->RS_0_0.p0|RS_0_0.p2<->H_0_0.pU,SS0,7,
smoke__static-lossless-rate__global-spread__g8__c1__p100__b16__s1,static-lossless-rate,global-spread,8,1,100,16,1,green,0,0,0,7,1,,,,
smoke__static-lossless-rate__global-spread__g8__c1__p100__b16__s1,static-lossless-rate,global-spread,8,1,100,16,1,blue,0,0,0,7,1,,,,
smoke__static-lossless-rate__global-spread__g8__c1__p100__b16__s1,static-lossless-rate,global-spread,8,1,100,16,1,orange,0,0,0,7,1,,,,
smoke__intermediate-rate__global-spread__g8__c1__p100__b16__s1,intermediate-rate,global-spread,8,1,100,16,1,red,8,7,1,7,1,FS_0_0.p3<->RS_0_1.p0|RS_0_1.p3<->H_0_3.pU|FS_1_0.p2<->RS_1_0.p0|RS_1_0.p3<->H_1_1.pU|FS_1_0.p3<->RS_1_1.p0|RS_1_1.p2<->H_1_2.pU|FS_2_0.p2<->RS_2_0.p0|RS_2_0.p3<->H_2_1.pU|FS_2_0.p3<->RS_2_1.p0|RS_2_1.p2<->H_2_2.pU|FS_3_0.p2<->RS_3_0.p0|RS_3_0.p2<->H_3_0.pU|FS_3_0.p3<->RS_3_1.p0|RS_3_1.p3<->H_3_3.pU|FS_0_0.p2<->RS_0_0.p0|RS_0_0.p2<->H_0_0.pU,SS0,42,
smoke__intermediate-rate__global-spread__g8__c1__p100__b16__s1,intermediate-rate,global-spread,8,1,100,16,1,green,0,0,0,7,1,,,,
smoke__intermediate-rate__global-spread__g8__c1__p100__b16__s1,intermediate-rate,global-spread,8,1,100,16,1,blue,0,0,0,7,1,,,,
smoke__intermediate-rate__global-spread__g8__c1__p100__b16__s1,intermediate-rate,global-spread,8,1,100,16,1,orange,0,0,0,7,1,,,,
smoke__member-formula-rate__global-spread__g8__c1__p100__b16__s1,member-formula-rate,global-spread,8,1,100,16,1,red,8,7,1,7,1,FS_0_0.p3<->RS_0_1.p0|RS_0_1.p3<->H_0_3.pU|FS_1_0.p2<->RS_1_0.p0|RS_1_0.p3<->H_1_1.pU|FS_1_0.p3<->RS_1_1.p0|RS_1_1.p2<->H_1_2.pU|FS_2_0.p2<->RS_2_0.p0|RS_2_0.p3<->H_2_1.pU|FS_2_0.p3<->RS_2_1.p0|RS_2_1.p2<->H_2_2.pU|FS_3_0.p2<->RS_3_0.p0|RS_3_0.p2<->H_3_0.pU|FS_3_0.p3<->RS_3_1.p0|RS_3_1.p3<->H_3_3.pU|FS_0_0.p2<->RS_0_0.p0|RS_0_0.p2<->H_0_0.pU,SS0,7,
smoke__member-formula-rate__global-spread__g8__c1__p100__b16__s1,member-formula-rate,global-spread,8,1,100,16,1,green,0,0,0,7,1,,,,
smoke__member-formula-rate__global-spread__g8__c1__p100__b16__s1,member-formula-rate,global-spread,8,1,100,16,1,blue,0,0,0,7,1,,,,
smoke__member-formula-rate__global-spread__g8__c1__p100__b16__s1,member-formula-rate,global-spread,8,1,100,16,1,orange,0,0,0,7,1,,,,
smoke__sequential-smart-recovery__global-spread__g8__c1__p100__b16__s1,sequential-smart-recovery,global-spread,8,1,100,16,1,red,8,7,1,7,1,FS_0_0.p3<->RS_0_1.p0|RS_0_1.p3<->H_0_3.pU|FS_1_0.p2<->RS_1_0.p0|RS_1_0.p3<->H_1_1.pU|FS_1_0.p3<->RS_1_1.p0|RS_1_1.p2<->H_1_2.pU|FS_2_0.p2<->RS_2_0.p0|RS_2_0.p3<->H_2_1.pU|FS_2_0.p3<->RS_2_1.p0|RS_2_1.p2<->H_2_2.pU|FS_3_0.p2<->RS_3_0.p0|RS_3_0.p2<->H_3_0.pU|FS_3_0.p3<->RS_3_1.p0|RS_3_1.p3<->H_3_3.pU|FS_0_0.p2<->RS_0_0.p0|RS_0_0.p2<->H_0_0.pU,SS0,70,
smoke__sequential-smart-recovery__global-spread__g8__c1__p100__b16__s1,sequential-smart-recovery,global-spread,8,1,100,16,1,green,0,0,0,7,1,,,,
smoke__sequential-smart-recovery__global-spread__g8__c1__p100__b16__s1,sequential-smart-recovery,global-spread,8,1,100,16,1,blue,0,0,0,7,1,,,,
smoke__sequential-smart-recovery__global-spread__g8__c1__p100__b16__s1,sequential-smart-recovery,global-spread,8,1,100,16,1,orange,0,0,0,7,1,,,,
smoke__phase-offset-smart-recovery__global-spread__g8__c1__p100__b16__s1,phase-offset-smart-recovery,global-spread,8,1,100,16,1,red,8,7,1,7,1,FS_0_0.p3<->RS_0_1.p0|RS_0_1.p3<->H_0_3.pU|FS_1_0.p2<->RS_1_0.p0|RS_1_0.p3<->H_1_1.pU|FS_1_0.p3<->RS_1_1.p0|RS_1_1.p2<->H_1_2.pU|FS_2_0.p2<->RS_2_0.p0|RS_2_0.p3<->H_2_1.pU|FS_2_0.p3<->RS_2_1.p0|RS_2_1.p2<->H_2_2.pU|FS_3_0.p2<->RS_3_0.p0|RS_3_0.p2<->H_3_0.pU|FS_3_0.p3<->RS_3_1.p0|RS_3_1.p3<->H_3_3.pU|FS_0_0.p2<->RS_0_0.p0|RS_0_0.p2<->H_0_0.pU,SS0,70,H_0_3:1|H_1_1:2|H_2_1:1|H_2_2:2|H_3_3:1
smoke__phase-offset-smart-recovery__global-spread__g8__c1__p100__b16__s1,phase-offset-smart-recovery,global-spread,8,1,100,16,1,green,0,0,0,7,1,,,,H_0_3:1|H_1_1:2|H_2_1:1|H_2_2:2|H_3_3:1
smoke__phase-offset-smart-recovery__global-spread__g8__c1__p100__b16__s1,phase-offset-smart-recovery,global-spread,8,1,100,16,1,blue,0,0,0,7,1,,,,H_0_3:1|H_1_1:2|H_2_1:1|H_2_2:2|H_3_3:1
smoke__phase-offset-smart-recovery__global-spread__g8__c1__p100__b16__s1,phase-offset-smart-recovery,global-spread,8,1,100,16,1,orange,0,0,0,7,1,,,,H_0_3:1|H_1_1:2|H_2_1:1|H_2_2:2|H_3_3:1
smoke__no-recovery-max-rate__global-spread__g8__c2__p100__b16__s1,no-recovery-max-rate,global-spread,8,2,100,16,1,red,8,7,1,14,1,FS_0_0.p3<->RS_0_1.p0|RS_0_1.p3<->H_0_3.pU|FS_1_0.p2<->RS_1_0.p0|RS_1_0.p3<->H_1_1.pU|FS_1_0.p3<->RS_1_1.p0|RS_1_1.p2<->H_1_2.pU|FS_2_0.p2<->RS_2_0.p0|RS_2_0.p3<->H_2_1.pU|FS_2_0.p3<->RS_2_1.p0|RS_2_1.p2<->H_2_2.pU|FS_3_0.p2<->RS_3_0.p0|RS_3_0.p2<->H_3_0.pU|FS_3_0.p3<->RS_3_1.p0|RS_3_1.p3<->H_3_3.pU|FS_0_0.p2<->RS_0_0.p0|RS_0_0.p2<->H_0_0.pU,SS0,70,
smoke__no-recovery-max-rate__global-spread__g8__c2__p100__b16__s1,no-recovery-max-rate,global-spread,8,2,100,16,1,green,8,7,1,14,1,FS_0_0.p3<->RS_0_1.p0|RS_0_1.p2<->H_0_2.pU|FS_1_0.p2<->RS_1_0.p0|RS_1_0.p2<->H_1_0.pU|FS_1_0.p3<->RS_1_1.p0|RS_1_1.p3<->H_1_3.pU|FS_2_0.p2<->RS_2_0.p0|RS_2_0.p2<->H_2_0.pU|FS_2_0.p3<->RS_2_1.p0|RS_2_1.p3<->H_2_3.pU|FS_3_0.p2<->RS_3_0.p0|RS_3_0.p3<->H_3_1.pU|FS_3_0.p3<->RS_3_1.p0|RS_3_1.p2<->H_3_2.pU|FS_0_0.p2<->RS_0_0.p0|RS_0_0.p3<->H_0_1.pU,SS1,70,
smoke__no-recovery-max-rate__global-spread__g8__c2__p100__b16__s1,no-recovery-max-rate,global-spread,8,2,100,16,1,blue,0,0,0,14,1,,,,
smoke__no-recovery-max-rate__global-spread__g8__c2__p100__b16__s1,no-recovery-max-rate,global-spread,8,2,100,16,1,orange,0,0,0,14,1,,,,
smoke__smart-recovery-max-rate__global-spread__g8__c2__p100__b16__s1,smart-recovery-max-rate,global-spread,8,2,100,16,1,red,8,7,1,14,1,FS_0_0.p3<->RS_0_1.p0|RS_0_1.p3<->H_0_3.pU|FS_1_0.p2<->RS_1_0.p0|RS_1_0.p3<->H_1_1.pU|FS_1_0.p3<->RS_1_1.p0|RS_1_1.p2<->H_1_2.pU|FS_2_0.p2<->RS_2_0.p0|RS_2_0.p3<->H_2_1.pU|FS_2_0.p3<->RS_2_1.p0|RS_2_1.p2<->H_2_2.pU|FS_3_0.p2<->RS_3_0.p0|RS_3_0.p2<->H_3_0.pU|FS_3_0.p3<->RS_3_1.p0|RS_3_1.p3<->H_3_3.pU|FS_0_0.p2<->RS_0_0.p0|RS_0_0.p2<->H_0_0.pU,SS0,70,
smoke__smart-recovery-max-rate__global-spread__g8__c2__p100__b16__s1,smart-recovery-max-rate,global-spread,8,2,100,16,1,green,8,7,1,14,1,FS_0_0.p3<->RS_0_1.p0|RS_0_1.p2<->H_0_2.pU|FS_1_0.p2<->RS_1_0.p0|RS_1_0.p2<->H_1_0.pU|FS_1_0.p3<->RS_1_1.p0|RS_1_1.p3<->H_1_3.pU|FS_2_0.p2<->RS_2_0.p0|RS_2_0.p2<->H_2_0.pU|FS_2_0.p3<->RS_2_1.p0|RS_2_1.p3<->H_2_3.pU|FS_3_0.p2<->RS_3_0.p0|RS_3_0.p3<->H_3_1.pU|FS_3_0.p3<->RS_3_1.p0|RS_3_1.p2<->H_3_2.pU|FS_0_0.p2<->RS_0_0.p0|RS_0_0.p3<->H_0_1.pU,SS1,70,
smoke__smart-recovery-max-rate__global-spread__g8__c2__p100__b16__s1,smart-recovery-max-rate,global-spread,8,2,100,16,1,blue,0,0,0,14,1,,,,
smoke__smart-recovery-max-rate__global-spread__g8__c2__p100__b16__s1,smart-recovery-max-rate,global-spread,8,2,100,16,1,orange,0,0,0,14,1,,,,
smoke__static-lossless-rate__global-spread__g8__c2__p100__b16__s1,static-lossless-rate,global-spread,8,2,100,16,1,red,8,7,1,14,1,FS_0_0.p3<->RS_0_1.p0|RS_0_1.p3<->H_0_3.pU|FS_1_0.p2<->RS_1_0.p0|RS_1_0.p3<->H_1_1.pU|FS_1_0.p3<->RS_1_1.p0|RS_1_1.p2<->H_1_2.pU|FS_2_0.p2<->RS_2_0.p0|RS_2_0.p3<->H_2_1.pU|FS_2_0.p3<->RS_2_1.p0|RS_2_1.p2<->H_2_2.pU|FS_3_0.p2<->RS_3_0.p0|RS_3_0.p2<->H_3_0.pU|FS_3_0.p3<->RS_3_1.p0|RS_3_1.p3<->H_3_3.pU|FS_0_0.p2<->RS_0_0.p0|RS_0_0.p2<->H_0_0.pU,SS0,7,
smoke__static-lossless-rate__global-spread__g8__c2__p100__b16__s1,static-lossless-rate,global-spread,8,2,100,16,1,green,8,7,1,14,1,FS_0_0.p3<->RS_0_1.p0|RS_0_1.p2<->H_0_2.pU|FS_1_0.p2<->RS_1_0.p0|RS_1_0.p2<->H_1_0.pU|FS_1_0.p3<->RS_1_1.p0|RS_1_1.p3<->H_1_3.pU|FS_2_0.p2<->RS_2_0.p0|RS_2_0.p2<->H_2_0.pU|FS_2_0.p3<->RS_2_1.p0|RS_2_1.p3<->H_2_3.pU|FS_3_0.p2<->RS_3_0.p0|RS_3_0.p3<->H_3_1.pU|FS_3_0.p3<->RS_3_1.p0|RS_3_1.p2<->H_3_2.pU|FS_0_0.p2<->RS_0_0.p0|RS_0_0.p3<->H_0_1.pU,SS1,7,
smoke__static-lossless-rate__global-spread__g8__c2__p100__b16__s1,static-lossless-rate,global-spread,8,2,100,16,1,blue,0,0,0,14,1,,,,
smoke__static-lossless-rate__global-spread__g8__c2__p100__b16__s1,static-lossless-rate,global-spread,8,2,100,16,1,orange,0,0,0,14,1,,,,
smoke__intermediate-rate__global-spread__g8__c2__p100__b16__s1,intermediate-rate,global-spread,8,2,100,16,1,red,8,7,1,14,1,FS_0_0.p3<->RS_0_1.p0|RS_0_1.p3<->H_0_3.pU|FS_1_0.p2<->RS_1_0.p0|RS_1_0.p3<->H_1_1.pU|FS_1_0.p3<->RS_1_1.p0|RS_1_1.p2<->H_1_2.pU|FS_2_0.p2<->RS_2_0.p0|RS_2_0.p3<->H_2_1.pU|FS_2_0.p3<->RS_2_1.p0|RS_2_1.p2<->H_2_2.pU|FS_3_0.p2<->RS_3_0.p0|RS_3_0.p2<->H_3_0.pU|FS_3_0.p3<->RS_3_1.p0|RS_3_1.p3<->H_3_3.pU|FS_0_0.p2<->RS_0_0.p0|RS_0_0.p2<->H_0_0.pU,SS0,42,
smoke__intermediate-rate__global-spread__g8__c2__p100__b16__s1,intermediate-rate,global-spread,8,2,100,16,1,green,8,7,1,14,1,FS_0_0.p3<->RS_0_1.p0|RS_0_1.p2<->H_0_2.pU|FS_1_0.p2<->RS_1_0.p0|RS_1_0.p2<->H_1_0.pU|FS_1_0.p3<->RS_1_1.p0|RS_1_1.p3<->H_1_3.pU|FS_2_0.p2<->RS_2_0.p0|RS_2_0.p2<->H_2_0.pU|FS_2_0.p3<->RS_2_1.p0|RS_2_1.p3<->H_2_3.pU|FS_3_0.p2<->RS_3_0.p0|RS_3_0.p3<->H_3_1.pU|FS_3_0.p3<->RS_3_1.p0|RS_3_1.p2<->H_3_2.pU|FS_0_0.p2<->RS_0_0.p0|RS_0_0.p3<->H_0_1.pU,SS1,42,
smoke__intermediate-rate__global-spread__g8__c2__p100__b16__s1,intermediate-rate,global-spread,8,2,100,16,1,blue,0,0,0,14,1,,,,
smoke__intermediate-rate__global-spread__g8__c2__p100__b16__s1,intermediate-rate,global-spread,8,2,100,16,1,orange,0,0,0,14,1,,,,
smoke__member-formula-rate__global-spread__g8__c2__p100__b16__s1,member-formula-rate,global-spread,8,2,100,16,1,red,8,7,1,14,1,FS_0_0.p3<->RS_0_1.p0|RS_0_1.p3<->H_0_3.pU|FS_1_0.p2<->RS_1_0.p0|RS_1_0.p3<->H_1_1.pU|FS_1_0.p3<->RS_1_1.p0|RS_1_1.p2<->H_1_2.pU|FS_2_0.p2<->RS_2_0.p0|RS_2_0.p3<->H_2_1.pU|FS_2_0.p3<->RS_2_1.p0|RS_2_1.p2<->H_2_2.pU|FS_3_0.p2<->RS_3_0.p0|RS_3_0.p2<->H_3_0.pU|FS_3_0.p3<->RS_3_1.p0|RS_3_1.p3<->H_3_3.pU|FS_0_0.p2<->RS_0_0.p0|RS_0_0.p2<->H_0_0.pU,SS0,7,
smoke__member-formula-rate__global-spread__g8__c2__p100__b16__s1,member-formula-rate,global-spread,8,2,100,16,1,green,8,7,1,14,1,FS_0_0.p3<->RS_0_1.p0|RS_0_1.p2<->H_0_2.pU|FS_1_0.p2<->RS_1_0.p0|RS_1_0.p2<->H_1_0.pU|FS_1_0.p3<->RS_1_1.p0|RS_1_1.p3<->H_1_3.pU|FS_2_0.p2<->RS_2_0.p0|RS_2_0.p2<->H_2_0.pU|FS_2_0.p3<->RS_2_1.p0|RS_2_1.p3<->H_2_3.pU|FS_3_0.p2<->RS_3_0.p0|RS_3_0.p3<->H_3_1.pU|FS_3_0.p3<->RS_3_1.p0|RS_3_1.p2<->H_3_2.pU|FS_0_0.p2<->RS_0_0.p0|RS_0_0.p3<->H_0_1.pU,SS1,7,
smoke__member-formula-rate__global-spread__g8__c2__p100__b16__s1,member-formula-rate,global-spread,8,2,100,16,1,blue,0,0,0,14,1,,,,
smoke__member-formula-rate__global-spread__g8__c2__p100__b16__s1,member-formula-rate,global-spread,8,2,100,16,1,orange,0,0,0,14,1,,,,
smoke__sequential-smart-recovery__global-spread__g8__c2__p100__b16__s1,sequential-smart-recovery,global-spread,8,2,100,16,1,red,8,7,1,14,1,FS_0_0.p3<->RS_0_1.p0|RS_0_1.p3<->H_0_3.pU|FS_1_0.p2<->RS_1_0.p0|RS_1_0.p3<->H_1_1.pU|FS_1_0.p3<->RS_1_1.p0|RS_1_1.p2<->H_1_2.pU|FS_2_0.p2<->RS_2_0.p0|RS_2_0.p3<->H_2_1.pU|FS_2_0.p3<->RS_2_1.p0|RS_2_1.p2<->H_2_2.pU|FS_3_0.p2<->RS_3_0.p0|RS_3_0.p2<->H_3_0.pU|FS_3_0.p3<->RS_3_1.p0|RS_3_1.p3<->H_3_3.pU|FS_0_0.p2<->RS_0_0.p0|RS_0_0.p2<->H_0_0.pU,SS0,70,
smoke__sequential-smart-recovery__global-spread__g8__c2__p100__b16__s1,sequential-smart-recovery,global-spread,8,2,100,16,1,green,8,7,1,14,1,FS_0_0.p3<->RS_0_1.p0|RS_0_1.p2<->H_0_2.pU|FS_1_0.p2<->RS_1_0.p0|RS_1_0.p2<->H_1_0.pU|FS_1_0.p3<->RS_1_1.p0|RS_1_1.p3<->H_1_3.pU|FS_2_0.p2<->RS_2_0.p0|RS_2_0.p2<->H_2_0.pU|FS_2_0.p3<->RS_2_1.p0|RS_2_1.p3<->H_2_3.pU|FS_3_0.p2<->RS_3_0.p0|RS_3_0.p3<->H_3_1.pU|FS_3_0.p3<->RS_3_1.p0|RS_3_1.p2<->H_3_2.pU|FS_0_0.p2<->RS_0_0.p0|RS_0_0.p3<->H_0_1.pU,SS1,70,
smoke__sequential-smart-recovery__global-spread__g8__c2__p100__b16__s1,sequential-smart-recovery,global-spread,8,2,100,16,1,blue,0,0,0,14,1,,,,
smoke__sequential-smart-recovery__global-spread__g8__c2__p100__b16__s1,sequential-smart-recovery,global-spread,8,2,100,16,1,orange,0,0,0,14,1,,,,
smoke__phase-offset-smart-recovery__global-spread__g8__c2__p100__b16__s1,phase-offset-smart-recovery,global-spread,8,2,100,16,1,red,8,7,1,14,1,FS_0_0.p3<->RS_0_1.p0|RS_0_1.p3<->H_0_3.pU|FS_1_0.p2<->RS_1_0.p0|RS_1_0.p3<->H_1_1.pU|FS_1_0.p3<->RS_1_1.p0|RS_1_1.p2<->H_1_2.pU|FS_2_0.p2<->RS_2_0.p0|RS_2_0.p3<->H_2_1.pU|FS_2_0.p3<->RS_2_1.p0|RS_2_1.p2<->H_2_2.pU|FS_3_0.p2<->RS_3_0.p0|RS_3_0.p2<->H_3_0.pU|FS_3_0.p3<->RS_3_1.p0|RS_3_1.p3<->H_3_3.pU|FS_0_0.p2<->RS_0_0.p0|RS_0_0.p2<->H_0_0.pU,SS0,70,H_0_1:1|H_0_2:2|H_0_3:1|H_1_0:3|H_1_1:2|H_1_3:1|H_2_0:2|H_2_1:1|H_2_2:2|H_2_3:3|H_3_1:1|H_3_2:2|H_3_3:1
smoke__phase-offset-smart-recovery__global-spread__g8__c2__p100__b16__s1,phase-offset-smart-recovery,global-spread,8,2,100,16,1,green,8,7,1,14,1,FS_0_0.p3<->RS_0_1.p0|RS_0_1.p2<->H_0_2.pU|FS_1_0.p2<->RS_1_0.p0|RS_1_0.p2<->H_1_0.pU|FS_1_0.p3<->RS_1_1.p0|RS_1_1.p3<->H_1_3.pU|FS_2_0.p2<->RS_2_0.p0|RS_2_0.p2<->H_2_0.pU|FS_2_0.p3<->RS_2_1.p0|RS_2_1.p3<->H_2_3.pU|FS_3_0.p2<->RS_3_0.p0|RS_3_0.p3<->H_3_1.pU|FS_3_0.p3<->RS_3_1.p0|RS_3_1.p2<->H_3_2.pU|FS_0_0.p2<->RS_0_0.p0|RS_0_0.p3<->H_0_1.pU,SS1,70,H_0_1:1|H_0_2:2|H_0_3:1|H_1_0:3|H_1_1:2|H_1_3:1|H_2_0:2|H_2_1:1|H_2_2:2|H_2_3:3|H_3_1:1|H_3_2:2|H_3_3:1
smoke__phase-offset-smart-recovery__global-spread__g8__c2__p100__b16__s1,phase-offset-smart-recovery,global-spread,8,2,100,16,1,blue,0,0,0,14,1,,,,H_0_1:1|H_0_2:2|H_0_3:1|H_1_0:3|H_1_1:2|H_1_3:1|H_2_0:2|H_2_1:1|H_2_2:2|H_2_3:3|H_3_1:1|H_3_2:2|H_3_3:1
smoke__phase-offset-smart-recovery__global-spread__g8__c2__p100__b16__s1,phase-offset-smart-recovery,global-spread,8,2,100,16,1,orange,0,0,0,14,1,,,,H_0_1:1|H_0_2:2|H_0_3:1|H_1_0:3|H_1_1:2|H_1_3:1|H_2_0:2|H_2_1:1|H_2_2:2|H_2_3:3|H_3_1:1|H_3_2:2|H_3_3:1
smoke__no-recovery-max-rate__random-balanced__g4__c1__p100__b16__s1,no-recovery-max-rate,random-balanced,4,1,100,16,1,red,4,3,3,3,3,SS0.p2<->FS_2_0.p0|FS_2_0.p2<->RS_2_0.p0|RS_2_0.p2<->H_2_0.pU|FS_3_0.p2<->RS_3_0.p0|RS_3_0.p2<->H_3_0.pU|FS_3_0.p3<->RS_3_1.p0|RS_3_1.p3<->H_3_3.pU|SS0.p1<->FS_1_0.p0|FS_1_0.p3<->RS_1_1.p0|RS_1_1.p2<->H_1_2.pU,SS0,30,
smoke__no-recovery-max-rate__random-balanced__g4__c1__p100__b16__s1,no-recovery-max-rate,random-balanced,4,1,100,16,1,green,0,0,0,3,3,,,,
smoke__no-recovery-max-rate__random-balanced__g4__c1__p100__b16__s1,no-recovery-max-rate,random-balanced,4,1,100,16,1,blue,0,0,0,3,3,,,,
smoke__no-recovery-max-rate__random-balanced__g4__c1__p100__b16__s1,no-recovery-max-rate,random-balanced,4,1,100,16,1,orange,0,0,0,3,3,,,,
smoke__smart-recovery-max-rate__random-balanced__g4__c1__p100__b16__s1,smart-recovery-max-rate,random-balanced,4,1,100,16,1,red,4,3,3,3,3,SS0.p2<->FS_2_0.p0|FS_2_0.p2<->RS_2_0.p0|RS_2_0.p2<->H_2_0.pU|FS_3_0.p2<->RS_3_0.p0|RS_3_0.p2<->H_3_0.pU|FS_3_0.p3<->RS_3_1.p0|RS_3_1.p3<->H_3_3.pU|SS0.p1<->FS_1_0.p0|FS_1_0.p3<->RS_1_1.p0|RS_1_1.p2<->H_1_2.pU,SS0,30,
smoke__smart-recovery-max-rate__random-balanced__g4__c1__p100__b16__s1,smart-recovery-max-rate,random-balanced,4,1,100,16,1,green,0,0,0,3,3,,,,
smoke__smart-recovery-max-rate__random-balanced__g4__c1__p100__b16__s1,smart-recovery-max-rate,random-balanced,4,1,100,16,1,blue,0,0,0,3,3,,,,
smoke__smart-recovery-max-rate__random-balanced__g4__c1__p100__b16__s1,smart-recovery-max-rate,random-balanced,4,1,100,16,1,orange,0,0,0,3,3,,,,
smoke__static-lossless-rate__random-balanced__g4__c1__p100__b16__s1,static-lossless-rate,random-balanced,4,1,100,16,1,red,4,3,3,3,3,SS0.p2<->FS_2_0.p0|FS_2_0.p2<->RS_2_0.p0|RS_2_0.p2<->H_2_0.pU|FS_3_0.p2<->RS_3_0.p0|RS_3_0.p2<->H_3_0.pU|FS_3_0.p3<->RS_3_1.p0|RS_3_1.p3<->H_3_3.pU|SS0.p1<->FS_1_0.p0|FS_1_0.p3<->RS_1_1.p0|RS_1_1.p2<->H_1_2.pU,SS0,9,
smoke__static-lossless-rate__random-balanced__g4__c1__p100__b16__s1,static-lossless-rate,random-balanced,4,1,100,16,1,green,0,0,0,3,3,,,,
smoke__static-lossless-rate__random-balanced__g4__c1__p100__b16__s1,static-lossless-rate,random-balanced,4,1,100,16,1,blue,0,0,0,3,3,,,,
smoke__static-lossless-rate__random-balanced__g4__c1__p100__b16__s1,static-lossless-rate,random-balanced,4,1,100,16,1,orange,0,0,0,3,3,,,,
smoke__intermediate-rate__random-balanced__g4__c1__p100__b16__s1,intermediate-rate,random-balanced,4,1,100,16,1,red,4,3,3,3,3,SS0.p2<->FS_2_0.p0|FS_2_0.p2<->RS_2_0.p0|RS_2_0.p2<->H_2_0.pU|FS_3_0.p2<->RS_3_0.p0|RS_3_0.p2<->H_3_0.pU|FS_3_0.p3<->RS_3_1.p0|RS_3_1.p3<->H_3_3.pU|SS0.p1<->FS_1_0.p0|FS_1_0.p3<->RS_1_1.p0|RS_1_1.p2<->H_1_2.pU,SS0,21,
smoke__intermediate-rate__random-balanced__g4__c1__p100__b16__s1,intermediate-rate,random-balanced,4,1,100,16,1,green,0,0,0,3,3,,,,
smoke__intermediate-rate__random-balanced__g4__c1__p100__b16__s1,intermediate-rate,random-balanced,4,1,100,16,1,blue,0,0,0,3,3,,,,
smoke__intermediate-rate__random-balanced__g4__c1__p100__b16__s1,intermediate-rate,random-balanced,4,1,100,16,1,orange,0,0,0,3,3,,,,
smoke__member-formula-rate__random-balanced__g4__c1__p100__b16__s1,member-formula-rate,random-balanced,4,1,100,16,1,red,4,3,3,3,3,SS0.p2<->FS_2_0.p0|FS_2_0.p2<->RS_2_0.p0|RS_2_0.p2<->H_2_0.pU|FS_3_0.p2<->RS_3_0.p0|RS_3_0.p2<->H_3_0.pU|FS_3_0.p3<->RS_3_1.p0|RS_3_1.p3<->H_3_3.pU|SS0.p1<->FS_1_0.p0|FS_1_0.p3<->RS_1_1.p0|RS_1_1.p2<->H_1_2.pU,SS0,9,
smoke__member-formula-rate__random-balanced__g4__c1__p100__b16__s1,member-formula-rate,random-balanced,4,1,100,16,1,green,0,0,0,3,3,,,,
smoke__member-formula-rate__random-balanced__g4__c1__p100__b16__s1,member-formula-rate,random-balanced,4,1,100,16,1,blue,0,0,0,3,3,,,,
smoke__member-formula-rate__random-balanced__g4__c1__p100__b16__s1,member-formula-rate,random-balanced,4,1,100,16,1,orange,0,0,0,3,3,,,,
smoke__sequential-smart-recovery__random-balanced__g4__c1__p100__b16__s1,sequential-smart-recovery,random-balanced,4,1,100,16,1,red,4,3,3,3,3,SS0.p2<->FS_2_0.p0|FS_2_0.p2<->RS_2_0.p0|RS_2_0.p2<->H_2_0.pU|FS_3_0.p2<->RS_3_0.p0|RS_3_0.p2<->H_3_0.pU|FS_3_0.p3<->RS_3_1.p0|RS_3_1.p3<->H_3_3.pU|SS0.p1<->FS_1_0.p0|FS_1_0.p3<->RS_1_1.p0|RS_1_1.p2<->H_1_2.pU,SS0,30,
smoke__sequential-smart-recovery__random-balanced__g4__c1__p100__b16__s1,sequential-smart-recovery,random-balanced,4,1,100,16,1,green,0,0,0,3,3,,,,
smoke__sequential-smart-recovery__random-balanced__g4__c1__p100__b16__s1,sequential-smart-recovery,random-balanced,4,1,100,16,1,blue,0,0,0,3,3,,,,
smoke__sequential-smart-recovery__random-balanced__g4__c1__p100__b16__s1,sequential-smart-recovery,random-balanced,4,1,100,16,1,orange,0,0,0,3,3,,,,
smoke__phase-offset-smart-recovery__random-balanced__g4__c1__p100__b16__s1,phase-offset-smart-recovery,random-balanced,4,1,100,16,1,red,4,3,3,3,3,SS0.p2<->FS_2_0.p0|FS_2_0.p2<->RS_2_0.p0|RS_2_0.p2<->H_2_0.pU|FS_3_0.p2<->RS_3_0.p0|RS_3_0.p2<->H_3_0.pU|FS_3_0.p3<->RS_3_1.p0|RS_3_1.p3<->H_3_3.pU|SS0.p1<->FS_1_0.p0|FS_1_0.p3<->RS_1_1.p0|RS_1_1.p2<->H_1_2.pU,SS0,30,H_2_0:1|H_3_0:2
smoke__phase-offset-smart-recovery__random-balanced__g4__c1__p100__b16__s1,phase-offset-smart-recovery,random-balanced,4,1,100,16,1,green,0,0,0,3,3,,,,H_2_0:1|H_3_0:2
smoke__phase-offset-smart-recovery__random-balanced__g4__c1__p100__b16__s1,phase-offset-smart-recovery,random-balanced,4,1,100,16,1,blue,0,0,0,3,3,,,,H_2_0:1|H_3_0:2
smoke__phase-offset-smart-recovery__random-balanced__g4__c1__p100__b16__s1,phase-offset-smart-recovery,random-balanced,4,1,100,16,1,orange,0,0,0,3,3,,,,H_2_0:1|H_3_0:2
smoke__no-recovery-max-rate__random-balanced__g4__c2__p100__b16__s1,no-recovery-max-rate,random-balanced,4,2,100,16,1,red,4,3,3,3,3,SS0.p2<->FS_2_0.p0|FS_2_0.p2<->RS_2_0.p0|RS_2_0.p2<->H_2_0.pU|FS_3_0.p2<->RS_3_0.p0|RS_3_0.p2<->H_3_0.pU|FS_3_0.p3<->RS_3_1.p0|RS_3_1.p3<->H_3_3.pU|SS0.p1<->FS_1_0.p0|FS_1_0.p3<->RS_1_1.p0|RS_1_1.p2<->H_1_2.pU,SS0,30,
smoke__no-recovery-max-rate__random-balanced__g4__c2__p100__b16__s1,no-recovery-max-rate,random-balanced,4,2,100,16,1,green,4,3,3,3,3,FS_0_0.p3<->RS_0_1.p0|RS_0_1.p2<->H_0_2.pU|RS_2_1.p2<->H_2_2.pU|RS_2_1.p3<->H_2_3.pU|FS_0_0.p2<->RS_0_0.p0|RS_0_0.p3<->H_0_1.pU,SS1,30,
smoke__no-recovery-max-rate__random-balanced__g4__c2__p100__b16__s1,no-recovery-max-rate,random-balanced,4,2,100,16,1,blue,0,0,0,3,3,,,,
smoke__no-recovery-max-rate__random-balanced__g4__c2__p100__b16__s1,no-recovery-max-rate,random-balanced,4,2,100,16,1,orange,0,0,0,3,3,,,,
smoke__smart-recovery-max-rate__random-balanced__g4__c2__p100__b16__s1,smart-recovery-max-rate,random-balanced,4,2,100,16,1,red,4,3,3,3,3,SS0.p2<->FS_2_0.p0|FS_2_0.p2<->RS_2_0.p0|RS_2_0.p2<->H_2_0.pU|FS_3_0.p2<->RS_3_0.p0|RS_3_0.p2<->H_3_0.pU|FS_3_0.p3<->RS_3_1.p0|RS_3_1.p3<->H_3_3.pU|SS0.p1<->FS_1_0.p0|FS_1_0.p3<->RS_1_1.p0|RS_1_1.p2<->H_1_2.pU,SS0,30,
smoke__smart-recovery-max-rate__random-balanced__g4__c2__p100__b16__s1,smart-recovery-max-rate,random-balanced,4,2,100,16,1,green,4,3,3,3,3,FS_0_0.p3<->RS_0_1.p0|RS_0_1.p2<->H_0_2.pU|RS_2_1.p2<->H_2_2.pU|RS_2_1.p3<->H_2_3.pU|FS_0_0.p2<->RS_0_0.p0|RS_0_0.p3<->H_0_1.pU,SS1,30,
smoke__smart-recovery-max-rate__random-balanced__g4__c2__p100__b16__s1,smart-recovery-max-rate,random-balanced,4,2,100,16,1,blue,0,0,0,3,3,,,,
smoke__smart-recovery-max-rate__random-balanced__g4__c2__p100__b16__s1,smart-recovery-max-rate,random-balanced,4,2,100,16,1,orange,0,0,0,3,3,,,,
smoke__static-lossless-rate__random-balanced__g4__c2__p100__b16__s1,static-lossless-rate,random-balanced,4,2,100,16,1,red,4,3,3,3,3,SS0.p2<->FS_2_0.p0|FS_2_0.p2<->RS_2_0.p0|RS_2_0.p2<->H_2_0.pU|FS_3_0.p2<->RS_3_0.p0|RS_3_0.p2<->H_3_0.pU|FS_3_0.p3<->RS_3_1.p0|RS_3_1.p3<->H_3_3.pU|SS0.p1<->FS_1_0.p0|FS_1_0.p3<->RS_1_1.p0|RS_1_1.p2<->H_1_2.pU,SS0,9,
smoke__static-lossless-rate__random-balanced__g4__c2__p100__b16__s1,static-lossless-rate,random-balanced,4,2,100,16,1,green,4,3,3,3,3,FS_0_0.p3<->RS_0_1.p0|RS_0_1.p2<->H_0_2.pU|RS_2_1.p2<->H_2_2.pU|RS_2_1.p3<->H_2_3.pU|FS_0_0.p2<->RS_0_0.p0|RS_0_0.p3<->H_0_1.pU,SS1,9,
smoke__static-lossless-rate__random-balanced__g4__c2__p100__b16__s1,static-lossless-rate,random-balanced,4,2,100,16,1,blue,0,0,0,3,3,,,,
smoke__static-lossless-rate__random-balanced__g4__c2__p100__b16__s1,static-lossless-rate,random-balanced,4,2,100,16,1,orange,0,0,0,3,3,,,,
smoke__intermediate-rate__random-balanced__g4__c2__p100__b16__s1,intermediate-rate,random-balanced,4,2,100,16,1,red,4,3,3,3,3,SS0.p2<->FS_2_0.p0|FS_2_0.p2<->RS_2_0.p0|RS_2_0.p2<->H_2_0.pU|FS_3_0.p2<->RS_3_0.p0|RS_3_0.p2<->H_3_0.pU|FS_3_0.p3<->RS_3_1.p0|RS_3_1.p3<->H_3_3.pU|SS0.p1<->FS_1_0.p0|FS_1_0.p3<->RS_1_1.p0|RS_1_1.p2<->H_1_2.pU,SS0,21,
smoke__intermediate-rate__random-balanced__g4__c2__p100__b16__s1,intermediate-rate,random-balanced,4,2,100,16,1,green,4,3,3,3,3,FS_0_0.p3<->RS_0_1.p0|RS_0_1.p2<->H_0_2.pU|RS_2_1.p2<->H_2_2.pU|RS_2_1.p3<->H_2_3.pU|FS_0_0.p2<->RS_0_0.p0|RS_0_0.p3<->H_0_1.pU,SS1,21,
smoke__intermediate-rate__random-balanced__g4__c2__p100__b16__s1,intermediate-rate,random-balanced,4,2,100,16,1,blue,0,0,0,3,3,,,,
smoke__intermediate-rate__random-balanced__g4__c2__p100__b16__s1,intermediate-rate,random-balanced,4,2,100,16,1,orange,0,0,0,3,3,,,,
smoke__member-formula-rate__random-balanced__g4__c2__p100__b16__s1,member-formula-rate,random-balanced,4,2,100,16,1,red,4,3,3,3,3,SS0.p2<->FS_2_0.p0|FS_2_0.p2<->RS_2_0.p0|RS_2_0.p2<->H_2_0.pU|FS_3_0.p2<->RS_3_0.p0|RS_3_0.p2<->H_3_0.pU|FS_3_0.p3<->RS_3_1.p0|RS_3_1.p3<->H_3_3.pU|SS0.p1<->FS_1_0.p0|FS_1_0.p3<->RS_1_1.p0|RS_1_1.p2<->H_1_2.pU,SS0,9,
smoke__member-formula-rate__random-balanced__g4__c2__p100__b16__s1,member-formula-rate,random-balanced,4,2,100,16,1,green,4,3,3,3,3,FS_0_0.p3<->RS_0_1.p0|RS_0_1.p2<->H_0_2.pU|RS_2_1.p2<->H_2_2.pU|RS_2_1.p3<->H_2_3.pU|FS_0_0.p2<->RS_0_0.p0|RS_0_0.p3<->H_0_1.pU,SS1,9,
smoke__member-formula-rate__random-balanced__g4__c2__p100__b16__s1,member-formula-rate,random-balanced,4,2,100,16,1,blue,0,0,0,3,3,,,,
smoke__member-formula-rate__random-balanced__g4__c2__p100__b16__s1,member-formula-rate,random-balanced,4,2,100,16,1,orange,0,0,0,3,3,,,,
smoke__sequential-smart-recovery__random-balanced__g4__c2__p100__b16__s1,sequential-smart-recovery,random-balanced,4,2,100,16,1,red,4,3,3,3,3,SS0.p2<->FS_2_0.p0|FS_2_0.p2<->RS_2_0.p0|RS_2_0.p2<->H_2_0.pU|FS_3_0.p2<->RS_3_0.p0|RS_3_0.p2<->H_3_0.pU|FS_3_0.p3<->RS_3_1.p0|RS_3_1.p3<->H_3_3.pU|SS0.p1<->FS_1_0.p0|FS_1_0.p3<->RS_1_1.p0|RS_1_1.p2<->H_1_2.pU,SS0,30,
smoke__sequential-smart-recovery__random-balanced__g4__c2__p100__b16__s1,sequential-smart-recovery,random-balanced,4,2,100,16,1,green,4,3,3,3,3,FS_0_0.p3<->RS_0_1.p0|RS_0_1.p2<->H_0_2.pU|RS_2_1.p2<->H_2_2.pU|RS_2_1.p3<->H_2_3.pU|FS_0_0.p2<->RS_0_0.p0|RS_0_0.p3<->H_0_1.pU,SS1,30,
smoke__sequential-smart-recovery__random-balanced__g4__c2__p100__b16__s1,sequential-smart-recovery,random-balanced,4,2,100,16,1,blue,0,0,0,3,3,,,,
smoke__sequential-smart-recovery__random-balanced__g4__c2__p100__b16__s1,sequential-smart-recovery,random-balanced,4,2,100,16,1,orange,0,0,0,3,3,,,,
smoke__phase-offset-smart-recovery__random-balanced__g4__c2__p100__b16__s1,phase-offset-smart-recovery,random-balanced,4,2,100,16,1,red,4,3,3,3,3,SS0.p2<->FS_2_0.p0|FS_2_0.p2<->RS_2_0.p0|RS_2_0.p2<->H_2_0.pU|FS_3_0.p2<->RS_3_0.p0|RS_3_0.p2<->H_3_0.pU|FS_3_0.p3<->RS_3_1.p0|RS_3_1.p3<->H_3_3.pU|SS0.p1<->FS_1_0.p0|FS_1_0.p3<->RS_1_1.p0|RS_1_1.p2<->H_1_2.pU,SS0,30,H_0_1:1|H_0_2:2|H_2_0:1|H_2_2:3|H_2_3:1|H_3_0:2
smoke__phase-offset-smart-recovery__random-balanced__g4__c2__p100__b16__s1,phase-offset-smart-recovery,random-balanced,4,2,100,16,1,green,4,3,3,3,3,FS_0_0.p3<->RS_0_1.p0|RS_0_1.p2<->H_0_2.pU|RS_2_1.p2<->H_2_2.pU|RS_2_1.p3<->H_2_3.pU|FS_0_0.p2<->RS_0_0.p0|RS_0_0.p3<->H_0_1.pU,SS1,30,H_0_1:1|H_0_2:2|H_2_0:1|H_2_2:3|H_2_3:1|H_3_0:2
smoke__phase-offset-smart-recovery__random-balanced__g4__c2__p100__b16__s1,phase-offset-smart-recovery,random-balanced,4,2,100,16,1,blue,0,0,0,3,3,,,,H_0_1:1|H_0_2:2|H_2_0:1|H_2_2:3|H_2_3:1|H_3_0:2
smoke__phase-offset-smart-recovery__random-balanced__g4__c2__p100__b16__s1,phase-offset-smart-recovery,random-balanced,4,2,100,16,1,orange,0,0,0,3,3,,,,H_0_1:1|H_0_2:2|H_2_0:1|H_2_2:3|H_2_3:1|H_3_0:2
smoke__no-recovery-max-rate__random-balanced__g8__c1__p100__b16__s1,no-recovery-max-rate,random-balanced,8,1,100,16,1,red,8,7,1,7,1,FS_0_0.p3<->RS_0_1.p0|RS_0_1.p2<->H_0_2.pU|SS0.p1<->FS_1_0.p0|FS_1_0.p3<->RS_1_1.p0|RS_1_1.p2<->H_1_2.pU|FS_2_0.p2<->RS_2_0.p0|RS_2_0.p2<->H_2_0.pU|RS_2_1.p2<->H_2_2.pU|RS_2_1.p3<->H_2_3.pU|FS_3_0.p2<->RS_3_0.p0|RS_3_0.p2<->H_3_0.pU|FS_3_0.p3<->RS_3_1.p0|RS_3_1.p3<->H_3_3.pU|FS_0_0.p2<->RS_0_0.p0|RS_0_0.p3<->H_0_1.pU,SS0,70,
smoke__no-recovery-max-rate__random-balanced__g8__c1__p100__b16__s1,no-recovery-max-rate,random-balanced,8,1,100,16,1,green,0,0,0,7,1,,,,
smoke__no-recovery-max-rate__random-balanced__g8__c1__p100__b16__s1,no-recovery-max-rate,random-balanced,8,1,100,16,1,blue,0,0,0,7,1,,,,
smoke__no-recovery-max-rate__random-balanced__g8__c1__p100__b16__s1,no-recovery-max-rate,random-balanced,8,1,100,16,1,orange,0,0,0,7,1,,,,
smoke__smart-recovery-max-rate__random-balanced__g8__c1__p100__b16__s1,smart-recovery-max-rate,random-balanced,8,1,100,16,1,red,8,7,1,7,1,FS_0_0.p3<->RS_0_1.p0|RS_0_1.p2<->H_0_2.pU|SS0.p1<->FS_1_0.p0|FS_1_0.p3<->RS_1_1.p0|RS_1_1.p2<->H_1_2.pU|FS_2_0.p2<->RS_2_0.p0|RS_2_0.p2<->H_2_0.pU|RS_2_1.p2<->H_2_2.pU|RS_2_1.p3<->H_2_3.pU|FS_3_0.p2<->RS_3_0.p0|RS_3_0.p2<->H_3_0.pU|FS_3_0.p3<->RS_3_1.p0|RS_3_1.p3<->H_3_3.pU|FS_0_0.p2<->RS_0_0.p0|RS_0_0.p3<->H_0_1.pU,SS0,70,
smoke__smart-recovery-max-rate__random-balanced__g8__c1__p100__b16__s1,smart-recovery-max-rate,random-balanced,8,1,100,16,1,green,0,0,0,7,1,,,,
smoke__smart-recovery-max-rate__random-balanced__g8__c1__p100__b16__s1,smart-recovery-max-rate,random-balanced,8,1,100,16,1,blue,0,0,0,7,1,,,,
smoke__smart-recovery-max-rate__random-balanced__g8__c1__p100__b16__s1,smart-recovery-max-rate,random-balanced,8,1,100,16,1,orange,0,0,0,7,1,,,,
smoke__static-lossless-rate__random-balanced__g8__c1__p100__b16__s1,static-lossless-rate,random-balanced,8,1,100,16,1,red,8,7,1,7,1,FS_0_0.p3<->RS_0_1.p0|RS_0_1.p2<->H_0_2.pU|SS0.p1<->FS_1_0.p0|FS_1_0.p3<->RS_1_1.p0|RS_1_1.p2<->H_1_2.pU|FS_2_0.p2<->RS_2_0.p0|RS_2_0.p2<->H_2_0.pU|RS_2_1.p2<->H_2_2.pU|RS_2_1.p3<->H_2_3.pU|FS_3_0.p2<->RS_3_0.p0|RS_3_0.p2<->H_3_0.pU|FS_3_0.p3<->RS_3_1.p0|RS_3_1.p3<->H_3_3.pU|FS_0_0.p2<->RS_0_0.p0|RS_0_0.p3<->H_0_1.pU,SS0,7,
smoke__static-lossless-rate__random-balanced__g8__c1__p100__b16__s1,static-lossless-rate,random-balanced,8,1,100,16,1,green,0,0,0,7,1,,,,
smoke__static-lossless-rate__random-balanced__g8__c1__p100__b16__s1,static-lossless-rate,random-balanced,8,1,100,16,1,blue,0,0,0,7,1,,,,
smoke__static-lossless-rate__random-balanced__g8__c1__p100__b16__s1,static-lossless-rate,random-balanced,8,1,100,16,1,orange,0,0,0,7,1,,,,
smoke__intermediate-rate__random-balanced__g8__c1__p100__b16__s1,intermediate-rate,random-balanced,8,1,100,16,1,red,8,7,1,7,1,FS_0_0.p3<->RS_0_1.p0|RS_0_1.p2<->H_0_2.pU|SS0.p1<->FS_1_0.p0|FS_1_0.p3<->RS_1_1.p0|RS_1_1.p2<->H_1_2.pU|FS_2_0.p2<->RS_2_0.p0|RS_2_0.p2<->H_2_0.pU|RS_2_1.p2<->H_2_2.pU|RS_2_1.p3<->H_2_3.pU|FS_3_0.p2<->RS_3_0.p0|RS_3_0.p2<->H_3_0.pU|FS_3_0.p3<->RS_3_1.p0|RS_3_1.p3<->H_3_3.pU|FS_0_0.p2<->RS_0_0.p0|RS_0_0.p3<->H_0_1.pU,SS0,42,
smoke__intermediate-rate__random-balanced__g8__c1__p100__b16__s1,intermediate-rate,random-balanced,8,1,100,16,1,green,0,0,0,7,1,,,,
smoke__intermediate-rate__random-balanced__g8__c1__p100__b16__s1,intermediate-rate,random-balanced,8,1,100,16,1,blue,0,0,0,7,1,,,,
smoke__intermediate-rate__random-balanced__g8__c1__p100__b16__s1,intermediate-rate,random-balanced,8,1,100,16,1,orange,0,0,0,7,1,,,,
smoke__member-formula-rate__random-balanced__g8__c1__p100__b16__s1,member-formula-rate,random-balanced,8,1,100,16,1,red,8,7,1,7,1,FS_0_0.p3<->RS_0_1.p0|RS_0_1.p2<->H_0_2.pU|SS0.p1<->FS_1_0.p0|FS_1_0.p3<->RS_1_1.p0|RS_1_1.p2<->H_1_2.pU|FS_2_0.p2<->RS_2_0.p0|RS_2_0.p2<->H_2_0.pU|RS_2_1.p2<->H_2_2.pU|RS_2_1.p3<->H_2_3.pU|FS_3_0.p2<->RS_3_0.p0|RS_3_0.p2<->H_3_0.pU|FS_3_0.p3<->RS_3_1.p0|RS_3_1.p3<->H_3_3.pU|FS_0_0.p2<->RS_0_0.p0|RS_0_0.p3<->H_0_1.pU,SS0,7,
smoke__member-formula-rate__random-balanced__g8__c1__p100__b16__s1,member-formula-rate,random-balanced,8,1,100,16,1,green,0,0,0,7,1,,,,
smoke__member-formula-rate__random-balanced__g8__c1__p100__b16__s1,member-formula-rate,random-balanced,8,1,100,16,1,blue,0,0,0,7,1,,,,
smoke__member-formula-rate__random-balanced__g8__c1__p100__b16__s1,member-formula-rate,random-balanced,8,1,100,16,1,orange,0,0,0,7,1,,,,
smoke__sequential-smart-recovery__random-balanced__g8__c1__p100__b16__s1,sequential-smart-recovery,random-balanced,8,1,100,16,1,red,8,7,1,7,1,FS_0_0.p3<->RS_0_1.p0|RS_0_1.p2<->H_0_2.pU|SS0.p1<->FS_1_0.p0|FS_1_0.p3<->RS_1_1.p0|RS_1_1.p2<->H_1_2.pU|FS_2_0.p2<->RS_2_0.p0|RS_2_0.p2<->H_2_0.pU|RS_2_1.p2<->H_2_2.pU|RS_2_1.p3<->H_2_3.pU|FS_3_0.p2<->RS_3_0.p0|RS_3_0.p2<->H_3_0.pU|FS_3_0.p3<->RS_3_1.p0|RS_3_1.p3<->H_3_3.pU|FS_0_0.p2<->RS_0_0.p0|RS_0_0.p3<->H_0_1.pU,SS0,70,
smoke__sequential-smart-recovery__random-balanced__g8__c1__p100__b16__s1,sequential-smart-recovery,random-balanced,8,1,100,16,1,green,0,0,0,7,1,,,,
smoke__sequential-smart-recovery__random-balanced__g8__c1__p100__b16__s1,sequential-smart-recovery,random-balanced,8,1,100,16,1,blue,0,0,0,7,1,,,,
smoke__sequential-smart-recovery__random-balanced__g8__c1__p100__b16__s1,sequential-smart-recovery,random-balanced,8,1,100,16,1,orange,0,0,0,7,1,,,,
smoke__phase-offset-smart-recovery__random-balanced__g8__c1__p100__b16__s1,phase-offset-smart-recovery,random-balanced,8,1,100,16,1,red,8,7,1,7,1,FS_0_0.p3<->RS_0_1.p0|RS_0_1.p2<->H_0_2.pU|SS0.p1<->FS_1_0.p0|FS_1_0.p3<->RS_1_1.p0|RS_1_1.p2<->H_1_2.pU|FS_2_0.p2<->RS_2_0.p0|RS_2_0.p2<->H_2_0.pU|RS_2_1.p2<->H_2_2.pU|RS_2_1.p3<->H_2_3.pU|FS_3_0.p2<->RS_3_0.p0|RS_3_0.p2<->H_3_0.pU|FS_3_0.p3<->RS_3_1.p0|RS_3_1.p3<->H_3_3.pU|FS_0_0.p2<->RS_0_0.p0|RS_0_0.p3<->H_0_1.pU,SS0,70,H_0_2:1|H_1_2:2|H_2_2:1|H_2_3:2|H_3_3:1
smoke__phase-offset-smart-recovery__random-balanced__g8__c1__p100__b16__s1,phase-offset-smart-recovery,random-balanced,8,1,100,16,1,green,0,0,0,7,1,,,,H_0_2:1|H_1_2:2|H_2_2:1|H_2_3:2|H_3_3:1
smoke__phase-offset-smart-recovery__random-balanced__g8__c1__p100__b16__s1,phase-offset-smart-recovery,random-balanced,8,1,100,16,1,blue,0,0,0,7,1,,,,H_0_2:1|H_1_2:2|H_2_2:1|H_2_3:2|H_3_3:1
smoke__phase-offset-smart-recovery__random-balanced__g8__c1__p100__b16__s1,phase-offset-smart-recovery,random-balanced,8,1,100,16,1,orange,0,0,0,7,1,,,,H_0_2:1|H_1_2:2|H_2_2:1|H_2_3:2|H_3_3:1
smoke__no-recovery-max-rate__random-balanced__g8__c2__p100__b16__s1,no-recovery-max-rate,random-balanced,8,2,100,16,1,red,8,7,1,14,1,FS_0_0.p3<->RS_0_1.p0|RS_0_1.p2<->H_0_2.pU|SS0.p1<->FS_1_0.p0|FS_1_0.p3<->RS_1_1.p0|RS_1_1.p2<->H_1_2.pU|FS_2_0.p2<->RS_2_0.p0|RS_2_0.p2<->H_2_0.pU|RS_2_1.p2<->H_2_2.pU|RS_2_1.p3<->H_2_3.pU|FS_3_0.p2<->RS_3_0.p0|RS_3_0.p2<->H_3_0.pU|FS_3_0.p3<->RS_3_1.p0|RS_3_1.p3<->H_3_3.pU|FS_0_0.p2<->RS_0_0.p0|RS_0_0.p3<->H_0_1.pU,SS0,70,
smoke__no-recovery-max-rate__random-balanced__g8__c2__p100__b16__s1,no-recovery-max-rate,random-balanced,8,2,100,16,1,green,8,7,1,14,1,FS_0_0.p3<->RS_0_1.p0|RS_0_1.p3<->H_0_3.pU|RS_1_0.p2<->H_1_0.pU|RS_1_0.p3<->H_1_1.pU|FS_1_0.p3<->RS_1_1.p0|RS_1_1.p3<->H_1_3.pU|SS1.p2<->FS_2_0.p1|FS_2_0.p2<->RS_2_0.p0|RS_2_0.p3<->H_2_1.pU|FS_3_0.p2<->RS_3_0.p0|RS_3_0.p3<->H_3_1.pU|FS_3_0.p3<->RS_3_1.p0|RS_3_1.p2<->H_3_2.pU|FS_0_0.p2<->RS_0_0.p0|RS_0_0.p2<->H_0_0.pU,SS1,70,
smoke__no-recovery-max-rate__random-balanced__g8__c2__p100__b16__s1,no-recovery-max-rate,random-balanced,8,2,100,16,1,blue,0,0,0,14,1,,,,
smoke__no-recovery-max-rate__random-balanced__g8__c2__p100__b16__s1,no-recovery-max-rate,random-balanced,8,2,100,16,1,orange,0,0,0,14,1,,,,
smoke__smart-recovery-max-rate__random-balanced__g8__c2__p100__b16__s1,smart-recovery-max-rate,random-balanced,8,2,100,16,1,red,8,7,1,14,1,FS_0_0.p3<->RS_0_1.p0|RS_0_1.p2<->H_0_2.pU|SS0.p1<->FS_1_0.p0|FS_1_0.p3<->RS_1_1.p0|RS_1_1.p2<->H_1_2.pU|FS_2_0.p2<->RS_2_0.p0|RS_2_0.p2<->H_2_0.pU|RS_2_1.p2<->H_2_2.pU|RS_2_1.p3<->H_2_3.pU|FS_3_0.p2<->RS_3_0.p0|RS_3_0.p2<->H_3_0.pU|FS_3_0.p3<->RS_3_1.p0|RS_3_1.p3<->H_3_3.pU|FS_0_0.p2<->RS_0_0.p0|RS_0_0.p3<->H_0_1.pU,SS0,70,
smoke__smart-recovery-max-rate__random-balanced__g8__c2__p100__b16__s1,smart-recovery-max-rate,random-balanced,8,2,100,16,1,green,8,7,1,14,1,FS_0_0.p3<->RS_0_1.p0|RS_0_1.p3<->H_0_3.pU|RS_1_0.p2<->H_1_0.pU|RS_1_0.p3<->H_1_1.pU|FS_1_0.p3<->RS_1_1.p0|RS_1_1.p3<->H_1_3.pU|SS1.p2<->FS_2_0.p1|FS_2_0.p2<->RS_2_0.p0|RS_2_0.p3<->H_2_1.pU|FS_3_0.p2<->RS_3_0.p0|RS_3_0.p3<->H_3_1.pU|FS_3_0.p3<->RS_3_1.p0|RS_3_1.p2<->H_3_2.pU|FS_0_0.p2<->RS_0_0.p0|RS_0_0.p2<->H_0_0.pU,SS1,70,
smoke__smart-recovery-max-rate__random-balanced__g8__c2__p100__b16__s1,smart-recovery-max-rate,random-balanced,8,2,100,16,1,blue,0,0,0,14,1,,,,
smoke__smart-recovery-max-rate__random-balanced__g8__c2__p100__b16__s1,smart-recovery-max-rate,random-balanced,8,2,100,16,1,orange,0,0,0,14,1,,,,
smoke__static-lossless-rate__random-balanced__g8__c2__p100__b16__s1,static-lossless-rate,random-balanced,8,2,100,16,1,red,8,7,1,14,1,FS_0_0.p3<->RS_0_1.p0|RS_0_1.p2<->H_0_2.pU|SS0.p1<->FS_1_0.p0|FS_1_0.p3<->RS_1_1.p0|RS_1_1.p2<->H_1_2.pU|FS_2_0.p2<->RS_2_0.p0|RS_2_0.p2<->H_2_0.pU|RS_2_1.p2<->H_2_2.pU|RS_2_1.p3<->H_2_3.pU|FS_3_0.p2<->RS_3_0.p0|RS_3_0.p2<->H_3_0.pU|FS_3_0.p3<->RS_3_1.p0|RS_3_1.p3<->H_3_3.pU|FS_0_0.p2<->RS_0_0.p0|RS_0_0.p3<->H_0_1.pU,SS0,7,
smoke__static-lossless-rate__random-balanced__g8__c2__p100__b16__s1,static-lossless-rate,random-balanced,8,2,100,16,1,green,8,7,1,14,1,FS_0_0.p3<->RS_0_1.p0|RS_0_1.p3<->H_0_3.pU|RS_1_0.p2<->H_1_0.pU|RS_1_0.p3<->H_1_1.pU|FS_1_0.p3<->RS_1_1.p0|RS_1_1.p3<->H_1_3.pU|SS1.p2<->FS_2_0.p1|FS_2_0.p2<->RS_2_0.p0|RS_2_0.p3<->H_2_1.pU|FS_3_0.p2<->RS_3_0.p0|RS_3_0.p3<->H_3_1.pU|FS_3_0.p3<->RS_3_1.p0|RS_3_1.p2<->H_3_2.pU|FS_0_0.p2<->RS_0_0.p0|RS_0_0.p2<->H_0_0.pU,SS1,7,
smoke__static-lossless-rate__random-balanced__g8__c2__p100__b16__s1,static-lossless-rate,random-balanced,8,2,100,16,1,blue,0,0,0,14,1,,,,
smoke__static-lossless-rate__random-balanced__g8__c2__p100__b16__s1,static-lossless-rate,random-balanced,8,2,100,16,1,orange,0,0,0,14,1,,,,
smoke__intermediate-rate__random-balanced__g8__c2__p100__b16__s1,intermediate-rate,random-balanced,8,2,100,16,1,red,8,7,1,14,1,FS_0_0.p3<->RS_0_1.p0|RS_0_1.p2<->H_0_2.pU|SS0.p1<->FS_1_0.p0|FS_1_0.p3<->RS_1_1.p0|RS_1_1.p2<->H_1_2.pU|FS_2_0.p2<->RS_2_0.p0|RS_2_0.p2<->H_2_0.pU|RS_2_1.p2<->H_2_2.pU|RS_2_1.p3<->H_2_3.pU|FS_3_0.p2<->RS_3_0.p0|RS_3_0.p2<->H_3_0.pU|FS_3_0.p3<->RS_3_1.p0|RS_3_1.p3<->H_3_3.pU|FS_0_0.p2<->RS_0_0.p0|RS_0_0.p3<->H_0_1.pU,SS0,42,
smoke__intermediate-rate__random-balanced__g8__c2__p100__b16__s1,intermediate-rate,random-balanced,8,2,100,16,1,green,8,7,1,14,1,FS_0_0.p3<->RS_0_1.p0|RS_0_1.p3<->H_0_3.pU|RS_1_0.p2<->H_1_0.pU|RS_1_0.p3<->H_1_1.pU|FS_1_0.p3<->RS_1_1.p0|RS_1_1.p3<->H_1_3.pU|SS1.p2<->FS_2_0.p1|FS_2_0.p2<->RS_2_0.p0|RS_2_0.p3<->H_2_1.pU|FS_3_0.p2<->RS_3_0.p0|RS_3_0.p3<->H_3_1.pU|FS_3_0.p3<->RS_3_1.p0|RS_3_1.p2<->H_3_2.pU|FS_0_0.p2<->RS_0_0.p0|RS_0_0.p2<->H_0_0.pU,SS1,42,
smoke__intermediate-rate__random-balanced__g8__c2__p100__b16__s1,intermediate-rate,random-balanced,8,2,100,16,1,blue,0,0,0,14,1,,,,
smoke__intermediate-rate__random-balanced__g8__c2__p100__b16__s1,intermediate-rate,random-balanced,8,2,100,16,1,orange,0,0,0,14,1,,,,
smoke__member-formula-rate__random-balanced__g8__c2__p100__b16__s1,member-formula-rate,random-balanced,8,2,100,16,1,red,8,7,1,14,1,FS_0_0.p3<->RS_0_1.p0|RS_0_1.p2<->H_0_2.pU|SS0.p1<->FS_1_0.p0|FS_1_0.p3<->RS_1_1.p0|RS_1_1.p2<->H_1_2.pU|FS_2_0.p2<->RS_2_0.p0|RS_2_0.p2<->H_2_0.pU|RS_2_1.p2<->H_2_2.pU|RS_2_1.p3<->H_2_3.pU|FS_3_0.p2<->RS_3_0.p0|RS_3_0.p2<->H_3_0.pU|FS_3_0.p3<->RS_3_1.p0|RS_3_1.p3<->H_3_3.pU|FS_0_0.p2<->RS_0_0.p0|RS_0_0.p3<->H_0_1.pU,SS0,7,
smoke__member-formula-rate__random-balanced__g8__c2__p100__b16__s1,member-formula-rate,random-balanced,8,2,100,16,1,green,8,7,1,14,1,FS_0_0.p3<->RS_0_1.p0|RS_0_1.p3<->H_0_3.pU|RS_1_0.p2<->H_1_0.pU|RS_1_0.p3<->H_1_1.pU|FS_1_0.p3<->RS_1_1.p0|RS_1_1.p3<->H_1_3.pU|SS1.p2<->FS_2_0.p1|FS_2_0.p2<->RS_2_0.p0|RS_2_0.p3<->H_2_1.pU|FS_3_0.p2<->RS_3_0.p0|RS_3_0.p3<->H_3_1.pU|FS_3_0.p3<->RS_3_1.p0|RS_3_1.p2<->H_3_2.pU|FS_0_0.p2<->RS_0_0.p0|RS_0_0.p2<->H_0_0.pU,SS1,7,
smoke__member-formula-rate__random-balanced__g8__c2__p100__b16__s1,member-formula-rate,random-balanced,8,2,100,16,1,blue,0,0,0,14,1,,,,
smoke__member-formula-rate__random-balanced__g8__c2__p100__b16__s1,member-formula-rate,random-balanced,8,2,100,16,1,orange,0,0,0,14,1,,,,
smoke__sequential-smart-recovery__random-balanced__g8__c2__p100__b16__s1,sequential-smart-recovery,random-balanced,8,2,100,16,1,red,8,7,1,14,1,FS_0_0.p3<->RS_0_1.p0|RS_0_1.p2<->H_0_2.pU|SS0.p1<->FS_1_0.p0|FS_1_0.p3<->RS_1_1.p0|RS_1_1.p2<->H_1_2.pU|FS_2_0.p2<->RS_2_0.p0|RS_2_0.p2<->H_2_0.pU|RS_2_1.p2<->H_2_2.pU|RS_2_1.p3<->H_2_3.pU|FS_3_0.p2<->RS_3_0.p0|RS_3_0.p2<->H_3_0.pU|FS_3_0.p3<->RS_3_1.p0|RS_3_1.p3<->H_3_3.pU|FS_0_0.p2<->RS_0_0.p0|RS_0_0.p3<->H_0_1.pU,SS0,70,
smoke__sequential-smart-recovery__random-balanced__g8__c2__p100__b16__s1,sequential-smart-recovery,random-balanced,8,2,100,16,1,green,8,7,1,14,1,FS_0_0.p3<->RS_0_1.p0|RS_0_1.p3<->H_0_3.pU|RS_1_0.p2<->H_1_0.pU|RS_1_0.p3<->H_1_1.pU|FS_1_0.p3<->RS_1_1.p0|RS_1_1.p3<->H_1_3.pU|SS1.p2<->FS_2_0.p1|FS_2_0.p2<->RS_2_0.p0|RS_2_0.p3<->H_2_1.pU|FS_3_0.p2<->RS_3_0.p0|RS_3_0.p3<->H_3_1.pU|FS_3_0.p3<->RS_3_1.p0|RS_3_1.p2<->H_3_2.pU|FS_0_0.p2<->RS_0_0.p0|RS_0_0.p2<->H_0_0.pU,SS1,70,
smoke__sequential-smart-recovery__random-balanced__g8__c2__p100__b16__s1,sequential-smart-recovery,random-balanced,8,2,100,16,1,blue,0,0,0,14,1,,,,
smoke__sequential-smart-recovery__random-balanced__g8__c2__p100__b16__s1,sequential-smart-recovery,random-balanced,8,2,100,16,1,orange,0,0,0,14,1,,,,
smoke__phase-offset-smart-recovery__random-balanced__g8__c2__p100__b16__s1,phase-offset-smart-recovery,random-balanced,8,2,100,16,1,red,8,7,1,14,1,FS_0_0.p3<->RS_0_1.p0|RS_0_1.p2<->H_0_2.pU|SS0.p1<->FS_1_0.p0|FS_1_0.p3<->RS_1_1.p0|RS_1_1.p2<->H_1_2.pU|FS_2_0.p2<->RS_2_0.p0|RS_2_0.p2<->H_2_0.pU|RS_2_1.p2<->H_2_2.pU|RS_2_1.p3<->H_2_3.pU|FS_3_0.p2<->RS_3_0.p0|RS_3_0.p2<->H_3_0.pU|FS_3_0.p3<->RS_3_1.p0|RS_3_1.p3<->H_3_3.pU|FS_0_0.p2<->RS_0_0.p0|RS_0_0.p3<->H_0_1.pU,SS0,70,H_0_0:1|H_0_2:1|H_0_3:2|H_1_0:3|H_1_1:1|H_1_2:2|H_1_3:2|H_2_1:3|H_2_2:1|H_2_3:2|H_3_1:1|H_3_2:2|H_3_3:1
smoke__phase-offset-smart-recovery__random-balanced__g8__c2__p100__b16__s1,phase-offset-smart-recovery,random-balanced,8,2,100,16,1,green,8,7,1,14,1,FS_0_0.p3<->RS_0_1.p0|RS_0_1.p3<->H_0_3.pU|RS_1_0.p2<->H_1_0.pU|RS_1_0.p3<->H_1_1.pU|FS_1_0.p3<->RS_1_1.p0|RS_1_1.p3<->H_1_3.pU|SS1.p2<->FS_2_0.p1|FS_2_0.p2<->RS_2_0.p0|RS_2_0.p3<->H_2_1.pU|FS_3_0.p2<->RS_3_0.p0|RS_3_0.p3<->H_3_1.pU|FS_3_0.p3<->RS_3_1.p0|RS_3_1.p2<->H_3_2.pU|FS_0_0.p2<->RS_0_0.p0|RS_0_0.p2<->H_0_0.pU,SS1,70,H_0_0:1|H_0_2:1|H_0_3:2|H_1_0:3|H_1_1:1|H_1_2:2|H_1_3:2|H_2_1:3|H_2_2:1|H_2_3:2|H_3_1:1|H_3_2:2|H_3_3:1
smoke__phase-offset-smart-recovery__random-balanced__g8__c2__p100__b16__s1,phase-offset-smart-recovery,random-balanced,8,2,100,16,1,blue,0,0,0,14,1,,,,H_0_0:1|H_0_2:1|H_0_3:2|H_1_0:3|H_1_1:1|H_1_2:2|H_1_3:2|H_2_1:3|H_2_2:1|H_2_3:2|H_3_1:1|H_3_2:2|H_3_3:1
smoke__phase-offset-smart-recovery__random-balanced__g8__c2__p100__b16__s1,phase-offset-smart-recovery,random-balanced,8,2,100,16,1,orange,0,0,0,14,1,,,,H_0_0:1|H_0_2:1|H_0_3:2|H_1_0:3|H_1_1:1|H_1_2:2|H_1_3:2|H_2_1:3|H_2_2:1|H_2_3:2|H_3_1:1|H_3_2:2|H_3_3:1