Scenario Name,Host,Collective,Start Offset Ticks,Activation Tick,Original TX Complete Tick,Waiting Offset Ticks,Configured Rate,Rx Total,Complete,CCT Ticks,Breakdown
A__rack-compact__profile-4__seed-1__payload-100__capacity-10__buffer-8__policy-advisor-exact-lossless,H_0_0,red,0,0,30,0,3.3333333333333335,300,true,42,H_0_1:100/100:42|H_0_2:100/100:34|H_0_3:100/100:34
A__rack-compact__profile-4__seed-1__payload-100__capacity-10__buffer-8__policy-advisor-exact-lossless,H_0_1,red,0,0,30,0,3.3333333333333335,300,true,42,H_0_0:100/100:42|H_0_2:100/100:34|H_0_3:100/100:34
A__rack-compact__profile-4__seed-1__payload-100__capacity-10__buffer-8__policy-advisor-exact-lossless,H_0_2,red,0,0,30,0,3.3333333333333335,300,true,43,H_0_0:100/100:34|H_0_1:100/100:34|H_0_3:100/100:43
A__rack-compact__profile-4__seed-1__payload-100__capacity-10__buffer-8__policy-advisor-exact-lossless,H_0_3,red,0,0,30,0,3.3333333333333335,300,true,43,H_0_0:100/100:34|H_0_1:100/100:34|H_0_2:100/100:43
A__rack-compact__profile-4__seed-1__payload-100__capacity-10__buffer-8__policy-advisor-exact-lossless,H_1_0,inactive,0,,,0,0,0,true,,
A__rack-compact__profile-4__seed-1__payload-100__capacity-10__buffer-8__policy-advisor-exact-lossless,H_1_1,inactive,0,,,0,0,0,true,,
A__rack-compact__profile-4__seed-1__payload-100__capacity-10__buffer-8__policy-advisor-exact-lossless,H_1_2,inactive,0,,,0,0,0,true,,
A__rack-compact__profile-4__seed-1__payload-100__capacity-10__buffer-8__policy-advisor-exact-lossless,H_1_3,inactive,0,,,0,0,0,true,,
A__rack-compact__profile-4__seed-1__payload-100__capacity-10__buffer-8__policy-advisor-exact-lossless,H_2_0,inactive,0,,,0,0,0,true,,
A__rack-compact__profile-4__seed-1__payload-100__capacity-10__buffer-8__policy-advisor-exact-lossless,H_2_1,inactive,0,,,0,0,0,true,,
A__rack-compact__profile-4__seed-1__payload-100__capacity-10__buffer-8__policy-advisor-exact-lossless,H_2_2,inactive,0,,,0,0,0,true,,
A__rack-compact__profile-4__seed-1__payload-100__capacity-10__buffer-8__policy-advisor-exact-lossless,H_2_3,inactive,0,,,0,0,0,true,,
A__rack-compact__profile-4__seed-1__payload-100__capacity-10__buffer-8__policy-advisor-exact-lossless,H_3_0,inactive,0,,,0,0,0,true,,
A__rack-compact__profile-4__seed-1__payload-100__capacity-10__buffer-8__policy-advisor-exact-lossless,H_3_1,inactive,0,,,0,0,0,true,,
A__rack-compact__profile-4__seed-1__payload-100__capacity-10__buffer-8__policy-advisor-exact-lossless,H_3_2,inactive,0,,,0,0,0,true,,
A__rack-compact__profile-4__seed-1__payload-100__capacity-10__buffer-8__policy-advisor-exact-lossless,H_3_3,inactive,0,,,0,0,0,true,,
A__rack-compact__profile-4__seed-1__payload-100__capacity-10__buffer-8__policy-advisor-overdrive-a1.10,H_0_0,red,0,0,28,0,3.666666666666667,300,true,42,H_0_1:100/100:42|H_0_2:100/100:32|H_0_3:100/100:32
A__rack-compact__profile-4__seed-1__payload-100__capacity-10__buffer-8__policy-advisor-overdrive-a1.10,H_0_1,red,0,0,28,0,3.666666666666667,300,true,42,H_0_0:100/100:42|H_0_2:100/100:32|H_0_3:100/100:32
A__rack-compact__profile-4__seed-1__payload-100__capacity-10__buffer-8__policy-advisor-overdrive-a1.10,H_0_2,red,0,0,28,0,3.666666666666667,300,true,43,H_0_0:100/100:32|H_0_1:100/100:32|H_0_3:100/100:43
A__rack-compact__profile-4__seed-1__payload-100__capacity-10__buffer-8__policy-advisor-overdrive-a1.10,H_0_3,red,0,0,28,0,3.666666666666667,300,true,43,H_0_0:100/100:32|H_0_1:100/100:32|H_0_2:100/100:43
A__rack-compact__profile-4__seed-1__payload-100__capacity-10__buffer-8__policy-advisor-overdrive-a1.10,H_1_0,inactive,0,,,0,0,0,true,,
A__rack-compact__profile-4__seed-1__payload-100__capacity-10__buffer-8__policy-advisor-overdrive-a1.10,H_1_1,inactive,0,,,0,0,0,true,,
A__rack-compact__profile-4__seed-1__payload-100__capacity-10__buffer-8__policy-advisor-overdrive-a1.10,H_1_2,inactive,0,,,0,0,0,true,,
A__rack-compact__profile-4__seed-1__payload-100__capacity-10__buffer-8__policy-advisor-overdrive-a1.10,H_1_3,inactive,0,,,0,0,0,true,,
A__rack-compact__profile-4__seed-1__payload-100__capacity-10__buffer-8__policy-advisor-overdrive-a1.10,H_2_0,inactive,0,,,0,0,0,true,,
A__rack-compact__profile-4__seed-1__payload-100__capacity-10__buffer-8__policy-advisor-overdrive-a1.10,H_2_1,inactive,0,,,0,0,0,true,,
A__rack-compact__profile-4__seed-1__payload-100__capacity-10__buffer-8__policy-advisor-overdrive-a1.10,H_2_2,inactive,0,,,0,0,0,true,,
A__rack-compact__profile-4__seed-1__payload-100__capacity-10__buffer-8__policy-advisor-overdrive-a1.10,H_2_3,inactive,0,,,0,0,0,true,,
A__rack-compact__profile-4__seed-1__payload-100__capacity-10__buffer-8__policy-advisor-overdrive-a1.10,H_3_0,inactive,0,,,0,0,0,true,,
A__rack-compact__profile-4__seed-1__payload-100__capacity-10__buffer-8__policy-advisor-overdrive-a1.10,H_3_1,inactive,0,,,0,0,0,true,,
A__rack-compact__profile-4__seed-1__payload-100__capacity-10__buffer-8__policy-advisor-overdrive-a1.10,H_3_2,inactive,0,,,0,0,0,true,,
A__rack-compact__profile-4__seed-1__payload-100__capacity-10__buffer-8__policy-advisor-overdrive-a1.10,H_3_3,inactive,0,,,0,0,0,true,,
A__rack-compact__profile-4__seed-1__payload-100__capacity-10__buffer-8__policy-advisor-overdrive-a1.35,H_0_0,red,0,0,23,0,4.500000000000001,300,true,44,H_0_1:100/100:43|H_0_2:100/100:27|H_0_3:100/100:44
A__rack-compact__profile-4__seed-1__payload-100__capacity-10__buffer-8__policy-advisor-overdrive-a1.35,H_0_1,red,0,0,23,0,4.500000000000001,300,true,44,H_0_0:100/100:44|H_0_2:100/100:27|H_0_3:100/100:44
A__rack-compact__profile-4__seed-1__payload-100__capacity-10__buffer-8__policy-advisor-overdrive-a1.35,H_0_2,red,0,0,23,0,4.500000000000001,300,true,44,H_0_0:100/100:27|H_0_1:100/100:44|H_0_3:100/100:44
A__rack-compact__profile-4__seed-1__payload-100__capacity-10__buffer-8__policy-advisor-overdrive-a1.35,H_0_3,red,0,0,23,0,4.500000000000001,300,true,44,H_0_0:100/100:27|H_0_1:100/100:44|H_0_2:100/100:44
A__rack-compact__profile-4__seed-1__payload-100__capacity-10__buffer-8__policy-advisor-overdrive-a1.35,H_1_0,inactive,0,,,0,0,0,true,,
A__rack-compact__profile-4__seed-1__payload-100__capacity-10__buffer-8__policy-advisor-overdrive-a1.35,H_1_1,inactive,0,,,0,0,0,true,,
A__rack-compact__profile-4__seed-1__payload-100__capacity-10__buffer-8__policy-advisor-overdrive-a1.35,H_1_2,inactive,0,,,0,0,0,true,,
A__rack-compact__profile-4__seed-1__payload-100__capacity-10__buffer-8__policy-advisor-overdrive-a1.35,H_1_3,inactive,0,,,0,0,0,true,,
A__rack-compact__profile-4__seed-1__payload-100__capacity-10__buffer-8__policy-advisor-overdrive-a1.35,H_2_0,inactive,0,,,0,0,0,true,,
A__rack-compact__profile-4__seed-1__payload-100__capacity-10__buffer-8__policy-advisor-overdrive-a1.35,H_2_1,inactive,0,,,0,0,0,true,,
A__rack-compact__profile-4__seed-1__payload-100__capacity-10__buffer-8__policy-advisor-overdrive-a1.35,H_2_2,inactive,0,,,0,0,0,true,,
A__rack-compact__profile-4__seed-1__payload-100__capacity-10__buffer-8__policy-advisor-overdrive-a1.35,H_2_3,inactive,0,,,0,0,0,true,,
A__rack-compact__profile-4__seed-1__payload-100__capacity-10__buffer-8__policy-advisor-overdrive-a1.35,H_3_0,inactive,0,,,0,0,0,true,,
A__rack-compact__profile-4__seed-1__payload-100__capacity-10__buffer-8__policy-advisor-overdrive-a1.35,H_3_1,inactive,0,,,0,0,0,true,,
A__rack-compact__profile-4__seed-1__payload-100__capacity-10__buffer-8__policy-advisor-overdrive-a1.35,H_3_2,inactive,0,,,0,0,0,true,,
A__rack-compact__profile-4__seed-1__payload-100__capacity-10__buffer-8__policy-advisor-overdrive-a1.35,H_3_3,inactive,0,,,0,0,0,true,,
A__rack-compact__profile-4__seed-1__payload-100__capacity-10__buffer-8__policy-advisor-overdrive-a2.00,H_0_0,red,0,0,15,0,6.666666666666667,300,true,45,H_0_1:100/100:45|H_0_2:100/100:19|H_0_3:100/100:44
A__rack-compact__profile-4__seed-1__payload-100__capacity-10__buffer-8__policy-advisor-overdrive-a2.00,H_0_1,red,0,0,15,0,6.666666666666667,300,true,44,H_0_0:100/100:44|H_0_2:100/100:19|H_0_3:100/100:44
A__rack-compact__profile-4__seed-1__payload-100__capacity-10__buffer-8__policy-advisor-overdrive-a2.00,H_0_2,red,0,0,15,0,6.666666666666667,300,true,45,H_0_0:100/100:19|H_0_1:100/100:44|H_0_3:100/100:45
A__rack-compact__profile-4__seed-1__payload-100__capacity-10__buffer-8__policy-advisor-overdrive-a2.00,H_0_3,red,0,0,15,0,6.666666666666667,300,true,46,H_0_0:100/100:19|H_0_1:100/100:44|H_0_2:100/100:46
A__rack-compact__profile-4__seed-1__payload-100__capacity-10__buffer-8__policy-advisor-overdrive-a2.00,H_1_0,inactive,0,,,0,0,0,true,,
A__rack-compact__profile-4__seed-1__payload-100__capacity-10__buffer-8__policy-advisor-overdrive-a2.00,H_1_1,inactive,0,,,0,0,0,true,,
A__rack-compact__profile-4__seed-1__payload-100__capacity-10__buffer-8__policy-advisor-overdrive-a2.00,H_1_2,inactive,0,,,0,0,0,true,,
A__rack-compact__profile-4__seed-1__payload-100__capacity-10__buffer-8__policy-advisor-overdrive-a2.00,H_1_3,inactive,0,,,0,0,0,true,,
A__rack-compact__profile-4__seed-1__payload-100__capacity-10__buffer-8__policy-advisor-overdrive-a2.00,H_2_0,inactive,0,,,0,0,0,true,,
A__rack-compact__profile-4__seed-1__payload-100__capacity-10__buffer-8__policy-advisor-overdrive-a2.00,H_2_1,inactive,0,,,0,0,0,true,,
A__rack-compact__profile-4__seed-1__payload-100__capacity-10__buffer-8__policy-advisor-overdrive-a2.00,H_2_2,inactive,0,,,0,0,0,true,,
A__rack-compact__profile-4__seed-1__payload-100__capacity-10__buffer-8__policy-advisor-overdrive-a2.00,H_2_3,inactive,0,,,0,0,0,true,,
A__rack-compact__profile-4__seed-1__payload-100__capacity-10__buffer-8__policy-advisor-overdrive-a2.00,H_3_0,inactive,0,,,0,0,0,true,,
A__rack-compact__profile-4__seed-1__payload-100__capacity-10__buffer-8__policy-advisor-overdrive-a2.00,H_3_1,inactive,0,,,0,0,0,true,,
A__rack-compact__profile-4__seed-1__payload-100__capacity-10__buffer-8__policy-advisor-overdrive-a2.00,H_3_2,inactive,0,,,0,0,0,true,,
A__rack-compact__profile-4__seed-1__payload-100__capacity-10__buffer-8__policy-advisor-overdrive-a2.00,H_3_3,inactive,0,,,0,0,0,true,,
A__rack-compact__profile-4__seed-1__payload-100__capacity-10__buffer-8__policy-adaptive-advisor-overdrive,H_0_0,red,0,0,30,0,3.3333333333333335,300,true,42,H_0_1:100/100:42|H_0_2:100/100:34|H_0_3:100/100:34
A__rack-compact__profile-4__seed-1__payload-100__capacity-10__buffer-8__policy-adaptive-advisor-overdrive,H_0_1,red,0,0,30,0,3.3333333333333335,300,true,42,H_0_0:100/100:42|H_0_2:100/100:34|H_0_3:100/100:34
A__rack-compact__profile-4__seed-1__payload-100__capacity-10__buffer-8__policy-adaptive-advisor-overdrive,H_0_2,red,0,0,30,0,3.3333333333333335,300,true,41,H_0_0:100/100:34|H_0_1:100/100:34|H_0_3:100/100:41
A__rack-compact__profile-4__seed-1__payload-100__capacity-10__buffer-8__policy-adaptive-advisor-overdrive,H_0_3,red,0,0,30,0,3.3333333333333335,300,true,42,H_0_0:100/100:34|H_0_1:100/100:34|H_0_2:100/100:42
A__rack-compact__profile-4__seed-1__payload-100__capacity-10__buffer-8__policy-adaptive-advisor-overdrive,H_1_0,inactive,0,,,0,0,0,true,,
A__rack-compact__profile-4__seed-1__payload-100__capacity-10__buffer-8__policy-adaptive-advisor-overdrive,H_1_1,inactive,0,,,0,0,0,true,,
A__rack-compact__profile-4__seed-1__payload-100__capacity-10__buffer-8__policy-adaptive-advisor-overdrive,H_1_2,inactive,0,,,0,0,0,true,,
A__rack-compact__profile-4__seed-1__payload-100__capacity-10__buffer-8__policy-adaptive-advisor-overdrive,H_1_3,inactive,0,,,0,0,0,true,,
A__rack-compact__profile-4__seed-1__payload-100__capacity-10__buffer-8__policy-adaptive-advisor-overdrive,H_2_0,inactive,0,,,0,0,0,true,,
A__rack-compact__profile-4__seed-1__payload-100__capacity-10__buffer-8__policy-adaptive-advisor-overdrive,H_2_1,inactive,0,,,0,0,0,true,,
A__rack-compact__profile-4__seed-1__payload-100__capacity-10__buffer-8__policy-adaptive-advisor-overdrive,H_2_2,inactive,0,,,0,0,0,true,,
A__rack-compact__profile-4__seed-1__payload-100__capacity-10__buffer-8__policy-adaptive-advisor-overdrive,H_2_3,inactive,0,,,0,0,0,true,,
A__rack-compact__profile-4__seed-1__payload-100__capacity-10__buffer-8__policy-adaptive-advisor-overdrive,H_3_0,inactive,0,,,0,0,0,true,,
A__rack-compact__profile-4__seed-1__payload-100__capacity-10__buffer-8__policy-adaptive-advisor-overdrive,H_3_1,inactive,0,,,0,0,0,true,,
A__rack-compact__profile-4__seed-1__payload-100__capacity-10__buffer-8__policy-adaptive-advisor-overdrive,H_3_2,inactive,0,,,0,0,0,true,,
A__rack-compact__profile-4__seed-1__payload-100__capacity-10__buffer-8__policy-adaptive-advisor-overdrive,H_3_3,inactive,0,,,0,0,0,true,,
A__rack-compact__profile-4__seed-1__payload-100__capacity-10__buffer-8__policy-member-formula-rate,H_0_0,red,0,0,30,0,3.3333333333333335,300,true,42,H_0_1:100/100:42|H_0_2:100/100:34|H_0_3:100/100:34
A__rack-compact__profile-4__seed-1__payload-100__capacity-10__buffer-8__policy-member-formula-rate,H_0_1,red,0,0,30,0,3.3333333333333335,300,true,42,H_0_0:100/100:42|H_0_2:100/100:34|H_0_3:100/100:34
A__rack-compact__profile-4__seed-1__payload-100__capacity-10__buffer-8__policy-member-formula-rate,H_0_2,red,0,0,30,0,3.3333333333333335,300,true,43,H_0_0:100/100:34|H_0_1:100/100:34|H_0_3:100/100:43
A__rack-compact__profile-4__seed-1__payload-100__capacity-10__buffer-8__policy-member-formula-rate,H_0_3,red,0,0,30,0,3.3333333333333335,300,true,43,H_0_0:100/100:34|H_0_1:100/100:34|H_0_2:100/100:43
A__rack-compact__profile-4__seed-1__payload-100__capacity-10__buffer-8__policy-member-formula-rate,H_1_0,inactive,0,,,0,0,0,true,,
A__rack-compact__profile-4__seed-1__payload-100__capacity-10__buffer-8__policy-member-formula-rate,H_1_1,inactive,0,,,0,0,0,true,,
A__rack-compact__profile-4__seed-1__payload-100__capacity-10__buffer-8__policy-member-formula-rate,H_1_2,inactive,0,,,0,0,0,true,,
A__rack-compact__profile-4__seed-1__payload-100__capacity-10__buffer-8__policy-member-formula-rate,H_1_3,inactive,0,,,0,0,0,true,,
A__rack-compact__profile-4__seed-1__payload-100__capacity-10__buffer-8__policy-member-formula-rate,H_2_0,inactive,0,,,0,0,0,true,,
A__rack-compact__profile-4__seed-1__payload-100__capacity-10__buffer-8__policy-member-formula-rate,H_2_1,inactive,0,,,0,0,0,true,,
A__rack-compact__profile-4__seed-1__payload-100__capacity-10__buffer-8__policy-member-formula-rate,H_2_2,inactive,0,,,0,0,0,true,,
A__rack-compact__profile-4__seed-1__payload-100__capacity-10__buffer-8__policy-member-formula-rate,H_2_3,inactive,0,,,0,0,0,true,,
A__rack-compact__profile-4__seed-1__payload-100__capacity-10__buffer-8__policy-member-formula-rate,H_3_0,inactive,0,,,0,0,0,true,,
A__rack-compact__profile-4__seed-1__payload-100__capacity-10__buffer-8__policy-member-formula-rate,H_3_1,inactive,0,,,0,0,0,true,,
A__rack-compact__profile-4__seed-1__payload-100__capacity-10__buffer-8__policy-member-formula-rate,H_3_2,inactive,0,,,0,0,0,true,,
A__rack-compact__profile-4__seed-1__payload-100__capacity-10__buffer-8__policy-member-formula-rate,H_3_3,inactive,0,,,0,0,0,true,,
A__rack-compact__profile-4__seed-1__payload-100__capacity-10__buffer-8__policy-advisor-overdrive-a1.05,H_0_0,red,0,0,29,0,3.5000000000000004,300,true,42,H_0_1:100/100:42|H_0_2:100/100:33|H_0_3:100/100:33
A__rack-compact__profile-4__seed-1__payload-100__capacity-10__buffer-8__policy-advisor-overdrive-a1.05,H_0_1,red,0,0,29,0,3.5000000000000004,300,true,42,H_0_0:100/100:42|H_0_2:100/100:33|H_0_3:100/100:33
A__rack-compact__profile-4__seed-1__payload-100__capacity-10__buffer-8__policy-advisor-overdrive-a1.05,H_0_2,red,0,0,29,0,3.5000000000000004,300,true,43,H_0_0:100/100:33|H_0_1:100/100:33|H_0_3:100/100:43
A__rack-compact__profile-4__seed-1__payload-100__capacity-10__buffer-8__policy-advisor-overdrive-a1.05,H_0_3,red,0,0,29,0,3.5000000000000004,300,true,43,H_0_0:100/100:33|H_0_1:100/100:33|H_0_2:100/100:43
A__rack-compact__profile-4__seed-1__payload-100__capacity-10__buffer-8__policy-advisor-overdrive-a1.05,H_1_0,inactive,0,,,0,0,0,true,,
A__rack-compact__profile-4__seed-1__payload-100__capacity-10__buffer-8__policy-advisor-overdrive-a1.05,H_1_1,inactive,0,,,0,0,0,true,,
A__rack-compact__profile-4__seed-1__payload-100__capacity-10__buffer-8__policy-advisor-overdrive-a1.05,H_1_2,inactive,0,,,0,0,0,true,,
A__rack-compact__profile-4__seed-1__payload-100__capacity-10__buffer-8__policy-advisor-overdrive-a1.05,H_1_3,inactive,0,,,0,0,0,true,,
A__rack-compact__profile-4__seed-1__payload-100__capacity-10__buffer-8__policy-advisor-overdrive-a1.05,H_2_0,inactive,0,,,0,0,0,true,,
A__rack-compact__profile-4__seed-1__payload-100__capacity-10__buffer-8__policy-advisor-overdrive-a1.05,H_2_1,inactive,0,,,0,0,0,true,,
A__rack-compact__profile-4__seed-1__payload-100__capacity-10__buffer-8__policy-advisor-overdrive-a1.05,H_2_2,inactive,0,,,0,0,0,true,,
A__rack-compact__profile-4__seed-1__payload-100__capacity-10__buffer-8__policy-advisor-overdrive-a1.05,H_2_3,inactive,0,,,0,0,0,true,,
A__rack-compact__profile-4__seed-1__payload-100__capacity-10__buffer-8__policy-advisor-overdrive-a1.05,H_3_0,inactive,0,,,0,0,0,true,,
A__rack-compact__profile-4__seed-1__payload-100__capacity-10__buffer-8__policy-advisor-overdrive-a1.05,H_3_1,inactive,0,,,0,0,0,true,,
A__rack-compact__profile-4__seed-1__payload-100__capacity-10__buffer-8__policy-advisor-overdrive-a1.05,H_3_2,inactive,0,,,0,0,0,true,,
A__rack-compact__profile-4__seed-1__payload-100__capacity-10__buffer-8__policy-advisor-overdrive-a1.05,H_3_3,inactive,0,,,0,0,0,true,,
A__rack-compact__profile-4__seed-1__payload-100__capacity-10__buffer-8__policy-advisor-overdrive-a1.20,H_0_0,red,0,0,25,0,4,300,true,43,H_0_1:100/100:43|H_0_2:100/100:29|H_0_3:100/100:29
A__rack-compact__profile-4__seed-1__payload-100__capacity-10__buffer-8__policy-advisor-overdrive-a1.20,H_0_1,red,0,0,25,0,4,300,true,43,H_0_0:100/100:43|H_0_2:100/100:29|H_0_3:100/100:29
A__rack-compact__profile-4__seed-1__payload-100__capacity-10__buffer-8__policy-advisor-overdrive-a1.20,H_0_2,red,0,0,25,0,4,300,true,43,H_0_0:100/100:29|H_0_1:100/100:29|H_0_3:100/100:43
A__rack-compact__profile-4__seed-1__payload-100__capacity-10__buffer-8__policy-advisor-overdrive-a1.20,H_0_3,red,0,0,25,0,4,300,true,43,H_0_0:100/100:29|H_0_1:100/100:29|H_0_2:100/100:43
A__rack-compact__profile-4__seed-1__payload-100__capacity-10__buffer-8__policy-advisor-overdrive-a1.20,H_1_0,inactive,0,,,0,0,0,true,,
A__rack-compact__profile-4__seed-1__payload-100__capacity-10__buffer-8__policy-advisor-overdrive-a1.20,H_1_1,inactive,0,,,0,0,0,true,,
A__rack-compact__profile-4__seed-1__payload-100__capacity-10__buffer-8__policy-advisor-overdrive-a1.20,H_1_2,inactive,0,,,0,0,0,true,,
A__rack-compact__profile-4__seed-1__payload-100__capacity-10__buffer-8__policy-advisor-overdrive-a1.20,H_1_3,inactive,0,,,0,0,0,true,,
A__rack-compact__profile-4__seed-1__payload-100__capacity-10__buffer-8__policy-advisor-overdrive-a1.20,H_2_0,inactive,0,,,0,0,0,true,,
A__rack-compact__profile-4__seed-1__payload-100__capacity-10__buffer-8__policy-advisor-overdrive-a1.20,H_2_1,inactive,0,,,0,0,0,true,,
A__rack-compact__profile-4__seed-1__payload-100__capacity-10__buffer-8__policy-advisor-overdrive-a1.20,H_2_2,inactive,0,,,0,0,0,true,,
A__rack-compact__profile-4__seed-1__payload-100__capacity-10__buffer-8__policy-advisor-overdrive-a1.20,H_2_3,inactive,0,,,0,0,0,true,,
A__rack-compact__profile-4__seed-1__payload-100__capacity-10__buffer-8__policy-advisor-overdrive-a1.20,H_3_0,inactive,0,,,0,0,0,true,,
A__rack-compact__profile-4__seed-1__payload-100__capacity-10__buffer-8__policy-advisor-overdrive-a1.20,H_3_1,inactive,0,,,0,0,0,true,,
A__rack-compact__profile-4__seed-1__payload-100__capacity-10__buffer-8__policy-advisor-overdrive-a1.20,H_3_2,inactive,0,,,0,0,0,true,,
A__rack-compact__profile-4__seed-1__payload-100__capacity-10__buffer-8__policy-advisor-overdrive-a1.20,H_3_3,inactive,0,,,0,0,0,true,,
A__rack-compact__profile-4__seed-1__payload-100__capacity-10__buffer-8__policy-advisor-overdrive-a1.50,H_0_0,red,0,0,20,0,5,300,true,45,H_0_1:100/100:43|H_0_2:100/100:24|H_0_3:100/100:45
A__rack-compact__profile-4__seed-1__payload-100__capacity-10__buffer-8__policy-advisor-overdrive-a1.50,H_0_1,red,0,0,20,0,5,300,true,47,H_0_0:100/100:47|H_0_2:100/100:24|H_0_3:100/100:45
A__rack-compact__profile-4__seed-1__payload-100__capacity-10__buffer-8__policy-advisor-overdrive-a1.50,H_0_2,red,0,0,20,0,5,300,true,45,H_0_0:100/100:24|H_0_1:100/100:45|H_0_3:100/100:43
A__rack-compact__profile-4__seed-1__payload-100__capacity-10__buffer-8__policy-advisor-overdrive-a1.50,H_0_3,red,0,0,20,0,5,300,true,47,H_0_0:100/100:24|H_0_1:100/100:45|H_0_2:100/100:47
A__rack-compact__profile-4__seed-1__payload-100__capacity-10__buffer-8__policy-advisor-overdrive-a1.50,H_1_0,inactive,0,,,0,0,0,true,,
A__rack-compact__profile-4__seed-1__payload-100__capacity-10__buffer-8__policy-advisor-overdrive-a1.50,H_1_1,inactive,0,,,0,0,0,true,,
A__rack-compact__profile-4__seed-1__payload-100__capacity-10__buffer-8__policy-advisor-overdrive-a1.50,H_1_2,inactive,0,,,0,0,0,true,,
A__rack-compact__profile-4__seed-1__payload-100__capacity-10__buffer-8__policy-advisor-overdrive-a1.50,H_1_3,inactive,0,,,0,0,0,true,,
A__rack-compact__profile-4__seed-1__payload-100__capacity-10__buffer-8__policy-advisor-overdrive-a1.50,H_2_0,inactive,0,,,0,0,0,true,,
A__rack-compact__profile-4__seed-1__payload-100__capacity-10__buffer-8__policy-advisor-overdrive-a1.50,H_2_1,inactive,0,,,0,0,0,true,,
A__rack-compact__profile-4__seed-1__payload-100__capacity-10__buffer-8__policy-advisor-overdrive-a1.50,H_2_2,inactive,0,,,0,0,0,true,,
A__rack-compact__profile-4__seed-1__payload-100__capacity-10__buffer-8__policy-advisor-overdrive-a1.50,H_2_3,inactive,0,,,0,0,0,true,,
A__rack-compact__profile-4__seed-1__payload-100__capacity-10__buffer-8__policy-advisor-overdrive-a1.50,H_3_0,inactive,0,,,0,0,0,true,,
A__rack-compact__profile-4__seed-1__payload-100__capacity-10__buffer-8__policy-advisor-overdrive-a1.50,H_3_1,inactive,0,,,0,0,0,true,,
A__rack-compact__profile-4__seed-1__payload-100__capacity-10__buffer-8__policy-advisor-overdrive-a1.50,H_3_2,inactive,0,,,0,0,0,true,,
A__rack-compact__profile-4__seed-1__payload-100__capacity-10__buffer-8__policy-advisor-overdrive-a1.50,H_3_3,inactive,0,,,0,0,0,true,,
A__rack-compact__profile-4__seed-1__payload-100__capacity-10__buffer-8__policy-per-source-lossless,H_0_0,red,0,0,30,0,3.3333333333333335,300,true,42,H_0_1:100/100:42|H_0_2:100/100:34|H_0_3:100/100:34
A__rack-compact__profile-4__seed-1__payload-100__capacity-10__buffer-8__policy-per-source-lossless,H_0_1,red,0,0,30,0,3.3333333333333335,300,true,42,H_0_0:100/100:42|H_0_2:100/100:34|H_0_3:100/100:34
A__rack-compact__profile-4__seed-1__payload-100__capacity-10__buffer-8__policy-per-source-lossless,H_0_2,red,0,0,30,0,3.3333333333333335,300,true,43,H_0_0:100/100:34|H_0_1:100/100:34|H_0_3:100/100:43
A__rack-compact__profile-4__seed-1__payload-100__capacity-10__buffer-8__policy-per-source-lossless,H_0_3,red,0,0,30,0,3.3333333333333335,300,true,43,H_0_0:100/100:34|H_0_1:100/100:34|H_0_2:100/100:43
A__rack-compact__profile-4__seed-1__payload-100__capacity-10__buffer-8__policy-per-source-lossless,H_1_0,inactive,0,,,0,0,0,true,,
A__rack-compact__profile-4__seed-1__payload-100__capacity-10__buffer-8__policy-per-source-lossless,H_1_1,inactive,0,,,0,0,0,true,,
A__rack-compact__profile-4__seed-1__payload-100__capacity-10__buffer-8__policy-per-source-lossless,H_1_2,inactive,0,,,0,0,0,true,,
A__rack-compact__profile-4__seed-1__payload-100__capacity-10__buffer-8__policy-per-source-lossless,H_1_3,inactive,0,,,0,0,0,true,,
A__rack-compact__profile-4__seed-1__payload-100__capacity-10__buffer-8__policy-per-source-lossless,H_2_0,inactive,0,,,0,0,0,true,,
A__rack-compact__profile-4__seed-1__payload-100__capacity-10__buffer-8__policy-per-source-lossless,H_2_1,inactive,0,,,0,0,0,true,,
A__rack-compact__profile-4__seed-1__payload-100__capacity-10__buffer-8__policy-per-source-lossless,H_2_2,inactive,0,,,0,0,0,true,,
A__rack-compact__profile-4__seed-1__payload-100__capacity-10__buffer-8__policy-per-source-lossless,H_2_3,inactive,0,,,0,0,0,true,,
A__rack-compact__profile-4__seed-1__payload-100__capacity-10__buffer-8__policy-per-source-lossless,H_3_0,inactive,0,,,0,0,0,true,,
A__rack-compact__profile-4__seed-1__payload-100__capacity-10__buffer-8__policy-per-source-lossless,H_3_1,inactive,0,,,0,0,0,true,,
A__rack-compact__profile-4__seed-1__payload-100__capacity-10__buffer-8__policy-per-source-lossless,H_3_2,inactive,0,,,0,0,0,true,,
A__rack-compact__profile-4__seed-1__payload-100__capacity-10__buffer-8__policy-per-source-lossless,H_3_3,inactive,0,,,0,0,0,true,,
A__rack-compact__profile-4__seed-1__payload-100__capacity-10__buffer-8__policy-max-rate-recovery,H_0_0,red,0,0,10,0,10,300,true,44,H_0_1:100/100:44|H_0_2:100/100:17|H_0_3:100/100:43
A__rack-compact__profile-4__seed-1__payload-100__capacity-10__buffer-8__policy-max-rate-recovery,H_0_1,red,0,0,10,0,10,300,true,50,H_0_0:100/100:50|H_0_2:100/100:17|H_0_3:100/100:43
A__rack-compact__profile-4__seed-1__payload-100__capacity-10__buffer-8__policy-max-rate-recovery,H_0_2,red,0,0,10,0,10,300,true,44,H_0_0:100/100:17|H_0_1:100/100:43|H_0_3:100/100:44
A__rack-compact__profile-4__seed-1__payload-100__capacity-10__buffer-8__policy-max-rate-recovery,H_0_3,red,0,0,10,0,10,300,true,50,H_0_0:100/100:17|H_0_1:100/100:43|H_0_2:100/100:50
A__rack-compact__profile-4__seed-1__payload-100__capacity-10__buffer-8__policy-max-rate-recovery,H_1_0,inactive,0,,,0,0,0,true,,
A__rack-compact__profile-4__seed-1__payload-100__capacity-10__buffer-8__policy-max-rate-recovery,H_1_1,inactive,0,,,0,0,0,true,,
A__rack-compact__profile-4__seed-1__payload-100__capacity-10__buffer-8__policy-max-rate-recovery,H_1_2,inactive,0,,,0,0,0,true,,
A__rack-compact__profile-4__seed-1__payload-100__capacity-10__buffer-8__policy-max-rate-recovery,H_1_3,inactive,0,,,0,0,0,true,,
A__rack-compact__profile-4__seed-1__payload-100__capacity-10__buffer-8__policy-max-rate-recovery,H_2_0,inactive,0,,,0,0,0,true,,
A__rack-compact__profile-4__seed-1__payload-100__capacity-10__buffer-8__policy-max-rate-recovery,H_2_1,inactive,0,,,0,0,0,true,,
A__rack-compact__profile-4__seed-1__payload-100__capacity-10__buffer-8__policy-max-rate-recovery,H_2_2,inactive,0,,,0,0,0,true,,
A__rack-compact__profile-4__seed-1__payload-100__capacity-10__buffer-8__policy-max-rate-recovery,H_2_3,inactive,0,,,0,0,0,true,,
A__rack-compact__profile-4__seed-1__payload-100__capacity-10__buffer-8__policy-max-rate-recovery,H_3_0,inactive,0,,,0,0,0,true,,
A__rack-compact__profile-4__seed-1__payload-100__capacity-10__buffer-8__policy-max-rate-recovery,H_3_1,inactive,0,,,0,0,0,true,,
A__rack-compact__profile-4__seed-1__payload-100__capacity-10__buffer-8__policy-max-rate-recovery,H_3_2,inactive,0,,,0,0,0,true,,
A__rack-compact__profile-4__seed-1__payload-100__capacity-10__buffer-8__policy-max-rate-recovery,H_3_3,inactive,0,,,0,0,0,true,,
A__rack-compact__profile-4__seed-1__payload-100__capacity-10__buffer-8__policy-no-recovery-max-rate,H_0_0,red,0,0,10,0,10,96,false,,H_0_1:16/100:DROPPED|H_0_2:80/100:DROPPED|H_0_3:0/100:DROPPED
A__rack-compact__profile-4__seed-1__payload-100__capacity-10__buffer-8__policy-no-recovery-max-rate,H_0_1,red,0,0,10,0,10,96,false,,H_0_0:16/100:DROPPED|H_0_2:80/100:DROPPED|H_0_3:0/100:DROPPED
A__rack-compact__profile-4__seed-1__payload-100__capacity-10__buffer-8__policy-no-recovery-max-rate,H_0_2,red,0,0,10,0,10,96,false,,H_0_0:80/100:DROPPED|H_0_1:0/100:DROPPED|H_0_3:16/100:DROPPED
A__rack-compact__profile-4__seed-1__payload-100__capacity-10__buffer-8__policy-no-recovery-max-rate,H_0_3,red,0,0,10,0,10,96,false,,H_0_0:80/100:DROPPED|H_0_1:0/100:DROPPED|H_0_2:16/100:DROPPED
A__rack-compact__profile-4__seed-1__payload-100__capacity-10__buffer-8__policy-no-recovery-max-rate,H_1_0,inactive,0,,,0,0,0,true,,
A__rack-compact__profile-4__seed-1__payload-100__capacity-10__buffer-8__policy-no-recovery-max-rate,H_1_1,inactive,0,,,0,0,0,true,,
A__rack-compact__profile-4__seed-1__payload-100__capacity-10__buffer-8__policy-no-recovery-max-rate,H_1_2,inactive,0,,,0,0,0,true,,
A__rack-compact__profile-4__seed-1__payload-100__capacity-10__buffer-8__policy-no-recovery-max-rate,H_1_3,inactive,0,,,0,0,0,true,,
A__rack-compact__profile-4__seed-1__payload-100__capacity-10__buffer-8__policy-no-recovery-max-rate,H_2_0,inactive,0,,,0,0,0,true,,
A__rack-compact__profile-4__seed-1__payload-100__capacity-10__buffer-8__policy-no-recovery-max-rate,H_2_1,inactive,0,,,0,0,0,true,,
A__rack-compact__profile-4__seed-1__payload-100__capacity-10__buffer-8__policy-no-recovery-max-rate,H_2_2,inactive,0,,,0,0,0,true,,
A__rack-compact__profile-4__seed-1__payload-100__capacity-10__buffer-8__policy-no-recovery-max-rate,H_2_3,inactive,0,,,0,0,0,true,,
A__rack-compact__profile-4__seed-1__payload-100__capacity-10__buffer-8__policy-no-recovery-max-rate,H_3_0,inactive,0,,,0,0,0,true,,
A__rack-compact__profile-4__seed-1__payload-100__capacity-10__buffer-8__policy-no-recovery-max-rate,H_3_1,inactive,0,,,0,0,0,true,,
A__rack-compact__profile-4__seed-1__payload-100__capacity-10__buffer-8__policy-no-recovery-max-rate,H_3_2,inactive,0,,,0,0,0,true,,
A__rack-compact__profile-4__seed-1__payload-100__capacity-10__buffer-8__policy-no-recovery-max-rate,H_3_3,inactive,0,,,0,0,0,true,,
